name,family,seed,peak_index,max_30d_change,annual_change,fill_min,fill_share_99,recovery_days,money_growth,mint_cum,loop_paid_share,player_cash_median,below_floor_share,recovery_fund_min,stabilizer_min_share,L1,L2_primary,L2_strict,L3
launch_base·无每日玩法,funding,1,1.0,0.0,0.0,1.0,1.0,,0.5039659444403521,8895832.0,,924,0.010927386281484599,848480.0,1.0,True,True,True,True
launch_base·无每日玩法,funding,2,1.0,0.0,0.0,1.0,1.0,,0.5162753246697158,8690908.0,,951,0.011771014547347084,839880.0,1.0,True,True,True,True
launch_base·无每日玩法,funding,3,1.0,0.0,0.0,1.0,1.0,,0.5021050486896237,8792176.0,,888,0.011887989475684407,838720.0,1.0,True,True,True,True
launch_base·无每日玩法,funding,4,1.0,0.0,0.0,1.0,1.0,,0.5045859096896177,8803234.0,,862,0.010924582472618115,848160.0,1.0,True,True,True,True
launch_base·无每日玩法,funding,5,1.0,0.0,0.0,1.0,1.0,,0.49936041216712024,8803878.0,,887,0.010314884588536691,854560.0,1.0,True,True,True,True
launch_base·照单机发币,funding,1,2.2796,0.34967389694757234,0.8848241361327331,1.0,1.0,,3.0744450549955333,43125640.0,1.0,3043,0.0017636173337681484,942000.0,1.0,True,False,False,True
launch_base·照单机发币,funding,2,2.1658,0.35900975400122404,0.8811353188607745,1.0,1.0,,3.04519125800201,42988282.0,1.0,2977,0.0015196866249690727,944560.0,1.0,True,False,False,True
launch_base·照单机发币,funding,3,2.1282,0.3543791077314036,0.855807743658211,1.0,1.0,,3.0704046480087097,43109974.0,1.0,3096,0.0013681860556292516,946040.0,1.0,True,False,False,True
launch_base·照单机发币,funding,4,2.176,0.37145039947168734,0.9279526590441167,1.0,1.0,,3.0812973586005716,43090879.0,1.0,3060,0.0014411851636259806,945240.0,1.0,True,False,False,True
launch_base·照单机发币,funding,5,2.164,0.3509110881364692,0.8968014990953734,1.0,1.0,,3.0971880197848494,43168635.0,1.0,3006,0.0017173229095538767,942440.0,1.0,True,False,False,True
launch_base·城市预算付100%·税2%,funding,1,1.0,0.0,0.0,1.0,1.0,,0.38751109970673303,8704802.0,0.044498015998332176,907,0.010775828253391215,849760.0,1.0,True,True,True,True
launch_base·城市预算付100%·税2%,funding,2,1.0,0.0,0.0,1.0,1.0,,0.3902601244693211,8698648.0,0.04466381880891467,909,0.00911109258256092,867200.0,1.0,True,True,True,True
launch_base·城市预算付100%·税2%,funding,3,1.0,0.0,0.0,1.0,1.0,,0.39305864208775065,8718292.0,0.04452172475891118,939,0.008443060406750167,873800.0,1.0,True,True,True,True
launch_base·城市预算付100%·税2%,funding,4,1.0,0.0,0.0,1.0,1.0,,0.3986946311603896,8677826.0,0.04451154043205641,947,0.0088700326229008,869240.0,1.0,True,True,True,True
launch_base·城市预算付100%·税2%,funding,5,1.0,0.0,0.0,1.0,1.0,,0.39915116004390616,8743752.0,0.04449482079575986,925,0.010184226813483374,855720.0,1.0,True,True,True,True
launch_base·城市预算付100%·税5%,funding,1,1.0,0.0,0.0,1.0,1.0,,0.3255112610588966,8704802.0,0.07650296021264794,977,0.0086656145381697,871360.0,1.0,True,True,True,True
launch_base·城市预算付100%·税5%,funding,2,1.0,0.0,0.0,1.0,1.0,,0.3273150127622084,8698648.0,0.07678644222332615,989,0.007463756441332257,884000.0,1.0,True,True,True,True
launch_base·城市预算付100%·税5%,funding,3,1.0,0.0,0.0,1.0,1.0,,0.3305339329638939,8718292.0,0.07653379674771359,1015,0.006925368230917044,889280.0,1.0,True,True,True,True
launch_base·城市预算付100%·税5%,funding,4,1.0,0.0,0.0,1.0,1.0,,0.3360507945312807,8677826.0,0.07653008874278025,1007,0.007220499292782945,886120.0,1.0,True,True,True,True
launch_base·城市预算付100%·税5%,funding,5,1.0,0.0,0.0,1.0,1.0,,0.33692239059847084,8743752.0,0.07650091359787628,1000,0.008435723539424624,873640.0,1.0,True,True,True,True
launch_base·城市预算付100%·税10%,funding,1,1.0,0.0,0.0,1.0,1.0,,0.221057725490323,8704802.0,0.13014189253614336,1121,0.007127326016471878,887080.0,1.0,True,True,True,True
launch_base·城市预算付100%·税10%,funding,2,1.0,0.0,0.0,1.0,1.0,,0.22018237433219756,8698648.0,0.1306130884919915,1117,0.006197429201394709,896920.0,1.0,True,True,True,True
launch_base·城市预算付100%·税10%,funding,3,1.0,0.0,0.0,1.0,1.0,,0.2250657448223845,8718292.0,0.13018627585588866,1170,0.005666100436379049,902080.0,1.0,True,True,True,True
launch_base·城市预算付100%·税10%,funding,4,1.0,0.0,0.0,1.0,1.0,,0.23014454215367652,8677826.0,0.13018737395952634,1129,0.005855275549762122,900080.0,1.0,True,True,True,True
launch_base·城市预算付100%·税10%,funding,5,1.0,0.0,0.0,1.0,1.0,,0.23259198050996033,8743752.0,0.13014429126745325,1165,0.00683876887871214,889960.0,1.0,True,True,True,True
launch_base·城市预算付100%·税20%,funding,1,1.0692,0.0037260645187001673,0.0,0.175,0.43561643835616437,,0.1522458845080068,8704802.0,0.14526752660699313,978,0.007658524372801174,881640.0,1.0,False,True,True,True
launch_base·城市预算付100%·税20%,funding,2,1.0,0.0,0.0,0.17456817346563763,0.43561643835616437,,0.15309831759111692,8698648.0,0.14560986565210932,993,0.006266484166614581,896160.0,1.0,False,True,True,True
launch_base·城市预算付100%·税20%,funding,3,1.0,0.0,0.0,0.1739823442864149,0.43561643835616437,,0.15827764082345297,8718292.0,0.14513381462412916,1030,0.005885556910165762,899840.0,1.0,False,True,True,True
launch_base·城市预算付100%·税20%,funding,4,1.0176,0.0011200000000000099,0.0,0.1746655210506935,0.43561643835616437,,0.16238693395480652,8677826.0,0.1453446167650397,1007,0.00621225317399389,896440.0,1.0,False,True,True,True
launch_base·城市预算付100%·税20%,funding,5,1.0316,0.0010533333333333506,0.0,0.1733677609738104,0.43561643835616437,,0.16395747318302956,8743752.0,0.1453127378820721,1000,0.007090096700804674,887360.0,1.0,False,True,True,True
launch_base·城市预算付100%·税30%,funding,1,1.0038,0.0001266666666666083,0.0,0.12107458292443572,0.27123287671232876,,0.13685725918796687,8704802.0,0.15104681646623477,976,0.007686707060294107,881440.0,1.0,False,True,True,True
launch_base·城市预算付100%·税30%,funding,2,1.0,0.0,0.0,0.12115643758422148,0.27123287671232876,,0.13824915890352973,8698648.0,0.15142395512299722,989,0.006313206986634517,895680.0,1.0,False,True,True,True
launch_base·城市预算付100%·税30%,funding,3,1.0,0.0,0.0,0.12052476704266797,0.27123287671232876,,0.14347105676115834,8718292.0,0.15087011446546872,1030,0.005968429526676043,899040.0,1.0,False,True,True,True
launch_base·城市预算付100%·税30%,funding,4,1.0,0.0,0.0,0.12163986743586597,0.27123287671232876,,0.14739973052468902,8677826.0,0.15119492594859282,1007,0.006320166926971439,895320.0,1.0,False,True,True,True
launch_base·城市预算付100%·税30%,funding,5,1.0,0.0,0.0,0.1193901389401205,0.27123287671232876,,0.14868961817464021,8743752.0,0.1511688797896568,1000,0.007341618049185924,884800.0,1.0,False,True,True,True
launch_base·城市预算付50%·税2%,funding,1,1.0,0.0,0.0,1.0,1.0,,0.3900429525934932,8704802.0,0.08966278132728302,902,0.01017841580566165,855880.0,1.0,True,True,True,True
launch_base·城市预算付50%·税2%,funding,2,1.0,0.0,0.0,1.0,1.0,,0.39266680486993777,8698648.0,0.0899977540711427,903,0.008407579503335623,874360.0,1.0,True,True,True,True
launch_base·城市预算付50%·税2%,funding,3,1.0,0.0,0.0,1.0,1.0,,0.3955927693513763,8718292.0,0.08971038042047294,936,0.007883691234204408,879520.0,1.0,True,True,True,True
launch_base·城市预算付50%·税2%,funding,4,1.0,0.0,0.0,1.0,1.0,,0.40055705413950005,8677826.0,0.08968817267827535,940,0.00826870279409498,875400.0,1.0,True,True,True,True
launch_base·城市预算付50%·税2%,funding,5,1.0,0.0,0.0,1.0,1.0,,0.40147977029133086,8743752.0,0.08965608148325437,930,0.009568575878079449,862040.0,1.0,True,True,True,True
launch_base·城市预算付50%·税5%,funding,1,1.0,0.0,0.0,1.0,1.0,,0.32961886082674363,8704802.0,0.15415033368055014,972,0.00783788961286057,879840.0,1.0,True,True,True,True
launch_base·城市预算付50%·税5%,funding,2,1.0,0.0,0.0,1.0,1.0,,0.330475332875535,8698648.0,0.15471552801834446,985,0.006643323567823785,892360.0,1.0,True,True,True,True
launch_base·城市预算付50%·税5%,funding,3,1.0,0.0,0.0,1.0,1.0,,0.334168552318576,8718292.0,0.15421076986010288,1021,0.006173971127048576,896920.0,1.0,True,True,True,True
launch_base·城市预算付50%·税5%,funding,4,1.0,0.0,0.0,1.0,1.0,,0.3391231314390921,8677826.0,0.15419806868821195,997,0.00637663531984508,894720.0,1.0,True,True,True,True
launch_base·城市预算付50%·税5%,funding,5,1.0,0.0,0.0,1.0,1.0,,0.34088268928619136,8743752.0,0.15414344464975677,1007,0.007417168606848913,884040.0,1.0,True,True,True,True
launch_base·城市预算付50%·税10%,funding,1,1.0,0.0,0.0,1.0,1.0,,0.22605303197713877,8704802.0,0.262207488760724,1108,0.006354941755517643,895000.0,1.0,True,True,True,True
launch_base·城市预算付50%·税10%,funding,2,1.0,0.0,0.0,1.0,1.0,,0.2249949253486394,8698648.0,0.26316662570872806,1112,0.005462225602230098,904400.0,1.0,True,True,True,True
launch_base·城市预算付50%·税10%,funding,3,1.0,0.0,0.0,1.0,1.0,,0.22989652189987364,8718292.0,0.26230138842522377,1161,0.0050898528429534975,907960.0,1.0,True,True,True,True
launch_base·城市预算付50%·税10%,funding,4,1.0,0.0,0.0,1.0,1.0,,0.23543719050674206,8677826.0,0.2623081881584207,1129,0.005255884680212615,906200.0,1.0,True,True,True,True
launch_base·城市预算付50%·税10%,funding,5,1.0,0.0,0.0,1.0,1.0,,0.237517569925501,8743752.0,0.26221834113073333,1133,0.006190416327608237,896640.0,1.0,True,True,True,True
launch_base·城市预算付50%·税20%,funding,1,1.0784,0.00432785492393073,0.0,0.17799313052011775,0.4465753424657534,,0.15400483894598715,8704802.0,0.2971048861332172,981,0.006895178432351957,889480.0,1.0,False,True,True,True
launch_base·城市预算付50%·税20%,funding,2,1.0,0.0,0.0,0.17799828494426068,0.4438356164383562,,0.15447670627054144,8698648.0,0.29778754265178736,991,0.005485135802799412,904120.0,1.0,False,True,True,True
launch_base·城市预算付50%·税20%,funding,3,1.0,0.0,0.0,0.17699766785319748,0.4438356164383562,,0.15906010203434517,8718292.0,0.2967429207468382,1036,0.005372281891925769,905080.0,1.0,False,True,True,True
launch_base·城市预算付50%·税20%,funding,4,1.0238,0.0016439596131702094,0.0,0.1778568798330674,0.4465753424657534,,0.1639324779263891,8677826.0,0.2972567329820136,1009,0.005537126083582407,903320.0,1.0,False,True,True,True
launch_base·城市预算付50%·税20%,funding,5,1.0402,0.0013733333333332265,0.0,0.17607278986843722,0.4438356164383562,,0.16565156043628937,8743752.0,0.29719417103450424,1002,0.006347964835384657,894960.0,1.0,False,True,True,True
launch_base·城市预算付50%·税30%,funding,1,1.0158,0.0005266666666665643,0.0,0.12328263002944063,0.27671232876712326,,0.13872872842892914,8704802.0,0.30905061587568006,975,0.006993776701521532,888520.0,1.0,False,True,True,True
launch_base·城市预算付50%·税30%,funding,2,1.0,0.0,0.0,0.12360651721180939,0.27671232876712326,,0.13923777116993397,8698648.0,0.3097464380402761,987,0.005583331962149926,903120.0,1.0,False,True,True,True
launch_base·城市预算付50%·税30%,funding,3,1.0,0.0,0.0,0.12260912211868563,0.27671232876712326,,0.14482143989594176,8718292.0,0.3085596334779578,1029,0.005345703278127111,905400.0,1.0,False,True,True,True
launch_base·城市预算付50%·税30%,funding,4,1.0,0.0,0.0,0.12409475880692279,0.27671232876712326,,0.14833917088587456,8677826.0,0.30933456044040014,1001,0.0056294642512965875,902360.0,1.0,False,True,True,True
launch_base·城市预算付50%·税30%,funding,5,1.0,0.0,0.0,0.1217263002582073,0.27671232876712326,,0.15007927485556083,8743752.0,0.30920233677919706,1006,0.006501368525218688,893400.0,1.0,False,True,True,True
launch_base·城市预算付25%·税2%,funding,1,1.0,0.0,0.0,1.0,1.0,,0.38992409702823316,8704802.0,0.17975324398864326,905,0.009350321282491669,864360.0,1.0,True,True,True,True
launch_base·城市预算付25%·税2%,funding,2,1.0,0.0,0.0,1.0,1.0,,0.3918334013552558,8698648.0,0.18044109168082173,911,0.007787514591131291,880680.0,1.0,True,True,True,True
launch_base·城市预算付25%·税2%,funding,3,1.0,0.0,0.0,1.0,1.0,,0.3949209510432141,8718292.0,0.17986978403762044,940,0.007295039641660408,885440.0,1.0,True,True,True,True
launch_base·城市预算付25%·税2%,funding,4,1.0,0.0,0.0,1.0,1.0,,0.39989348332722696,8677826.0,0.1798054960803069,936,0.007607461492864028,882160.0,1.0,True,True,True,True
launch_base·城市预算付25%·税2%,funding,5,1.0,0.0,0.0,1.0,1.0,,0.40091710047573015,8743752.0,0.17974612604424048,931,0.008675774036225785,871200.0,1.0,True,True,True,True
launch_base·城市预算付25%·税5%,funding,1,1.0,0.0,0.0,1.0,1.0,,0.3276088391845078,8704802.0,0.30904373831038695,979,0.007046663216841006,887920.0,1.0,True,True,True,True
launch_base·城市预算付25%·税5%,funding,2,1.0,0.0,0.0,1.0,1.0,,0.32816312736727093,8698648.0,0.3102133781771751,986,0.005983471744849969,899080.0,1.0,True,True,True,True
launch_base·城市预算付25%·税5%,funding,3,1.0,0.0,0.0,1.0,1.0,,0.33207092479925726,8718292.0,0.3092107566071774,1014,0.005604991228621137,902720.0,1.0,True,True,True,True
launch_base·城市预算付25%·税5%,funding,4,1.0,0.0,0.0,1.0,1.0,,0.3370768403938851,8677826.0,0.30915589646568536,1001,0.005853560978323658,900080.0,1.0,True,True,True,True
launch_base·城市预算付25%·税5%,funding,5,1.0,0.0,0.0,1.0,1.0,,0.3386850895335176,8743752.0,0.30904543162644244,999,0.006689366077227479,891520.0,1.0,True,True,True,True
launch_base·城市预算付25%·税10%,funding,1,1.0,0.0,0.0,1.0,1.0,,0.22181403002931055,8704802.0,0.5257330497823494,1113,0.005864987294941449,900000.0,1.0,True,True,True,True
launch_base·城市预算付25%·税10%,funding,2,1.0,0.0,0.0,1.0,1.0,,0.2211719313475251,8698648.0,0.527720030414266,1128,0.004962282381216047,909480.0,1.0,True,True,True,True
launch_base·城市预算付25%·税10%,funding,3,1.0,0.0,0.0,1.0,1.0,,0.22608231022380898,8718292.0,0.5260033721583387,1178,0.004634117746392947,912640.0,1.0,True,True,True,True
launch_base·城市预算付25%·税10%,funding,4,1.0,0.0,0.0,1.0,1.0,,0.2310795308302096,8677826.0,0.5259525387711389,1148,0.004855677446392457,910320.0,1.0,True,True,True,True
launch_base·城市预算付25%·税10%,funding,5,1.0,0.0,0.0,1.0,1.0,,0.2330306630738277,8743752.0,0.5257851260422457,1129,0.0055536190943793655,903160.0,1.0,True,True,True,True
launch_base·城市预算付25%·税20%,funding,1,1.117,0.011193291935292504,0.0,0.17262925753491792,0.4136986301369863,,0.1564615470542572,8704802.0,0.584204996001856,994,0.00634404669639451,895120.0,1.0,False,True,True,True
launch_base·城市预算付25%·税20%,funding,2,1.033,0.0021022379520476697,0.0,0.17273061374494672,0.40821917808219177,,0.157234698306578,8698648.0,0.5857806944810643,1003,0.0050080115800444835,908960.0,1.0,False,True,True,True
launch_base·城市预算付25%·税20%,funding,3,1.0378,0.0012600000000000389,0.0,0.1717196514054253,0.4136986301369863,,0.16196070018067177,8718292.0,0.5837404833552248,1053,0.004847326820542299,910400.0,1.0,False,True,True,True
launch_base·城市预算付25%·税20%,funding,4,1.0628,0.006648830494556335,0.0,0.1725788633852952,0.4136986301369863,,0.16651553422104426,8677826.0,0.5846215768050795,1019,0.005047811023834083,908360.0,1.0,False,True,True,True
launch_base·城市预算付25%·税20%,funding,5,1.0808,0.005442276077849195,0.0,0.1710315996557236,0.410958904109589,,0.1683996743916487,8743752.0,0.5845234445065965,1006,0.005815349714522721,900440.0,1.0,False,True,True,True
launch_base·城市预算付25%·税30%,funding,1,1.1312,0.016077296967550225,0.0,0.12009322865554466,0.28493150684931506,,0.1466090817523924,8704802.0,0.6056703468680344,1005,0.0061414228765542455,897200.0,1.0,False,True,True,True
launch_base·城市预算付25%·税30%,funding,2,1.0493999999999999,0.004175822716741107,0.0,0.12035788699595538,0.29041095890410956,,0.14731213532691556,8698648.0,0.6070130707357883,1021,0.004890151537961047,910160.0,1.0,False,True,True,True
launch_base·城市预算付25%·税30%,funding,3,1.0512000000000001,0.0016971036098392123,0.0,0.11930772063336198,0.28493150684931506,,0.15204817553901306,8718292.0,0.6048027296768963,1066,0.004716419177610263,911760.0,1.0,False,True,True,True
launch_base·城市预算付25%·税30%,funding,4,1.0802,0.009596156257631105,0.0,0.12041242175033755,0.2876712328767123,,0.15660311639509583,8677826.0,0.6061064976629269,1030,0.0049315152560534,909560.0,1.0,False,True,True,True
launch_base·城市预算付25%·税30%,funding,5,1.0977999999999999,0.008657522667388617,0.0,0.1184064920693471,0.2876712328767123,,0.15871691833062385,8743752.0,0.6060940591776467,1019,0.005683211291177655,901800.0,1.0,False,True,True,True
launch_base·城市预算付15%·税2%,funding,1,1.0,0.0,0.0,1.0,1.0,,0.3942086985005311,8704802.0,0.29480171741488564,896,0.009223712346472818,865720.0,1.0,True,True,True,True
launch_base·城市预算付15%·税2%,funding,2,1.0,0.0,0.0,1.0,1.0,,0.3961750625153859,8698648.0,0.29585140438434027,912,0.007521736944018624,883400.0,1.0,True,True,True,True
launch_base·城市预算付15%·税2%,funding,3,1.0,0.0,0.0,1.0,1.0,,0.39936771629000845,8718292.0,0.29490499466521836,934,0.007170667241060771,886760.0,1.0,True,True,True,True
launch_base·城市预算付15%·税2%,funding,4,1.0,0.0,0.0,1.0,1.0,,0.4041803207479262,8677826.0,0.29487757991196334,940,0.00743147304907987,883960.0,1.0,True,True,True,True
launch_base·城市预算付15%·税2%,funding,5,1.0,0.0,0.0,1.0,1.0,,0.40537037679833854,8743752.0,0.2947589715761379,927,0.00853974675584239,872560.0,1.0,True,True,True,True
launch_base·城市预算付15%·税5%,funding,1,1.0,0.0,0.0,1.0,1.0,,0.33481234986221664,8704802.0,0.5068152300857091,971,0.006810618266861195,890360.0,1.0,True,True,True,True
launch_base·城市预算付15%·税5%,funding,2,1.0,0.0,0.0,1.0,1.0,,0.335646348626389,8698648.0,0.5086039837829944,983,0.005709500214041634,901880.0,1.0,True,True,True,True
launch_base·城市预算付15%·税5%,funding,3,1.0,0.0,0.0,1.0,1.0,,0.33921764673340316,8718292.0,0.5069304013219473,1005,0.005385674215561818,904960.0,1.0,True,True,True,True
launch_base·城市预算付15%·税5%,funding,4,1.0,0.0,0.0,1.0,1.0,,0.3440912115111392,8677826.0,0.5069717829137417,996,0.005598022401472573,902760.0,1.0,True,True,True,True
launch_base·城市预算付15%·税5%,funding,5,1.0,0.0,0.0,1.0,1.0,,0.3456251341338119,8743752.0,0.5067593025560501,993,0.006465402790080301,893840.0,1.0,True,True,True,True
launch_base·城市预算付15%·税10%,funding,1,1.0,0.0,0.0,1.0,1.0,,0.2335100382361457,8704802.0,0.8619938041263225,1092,0.005849584783372895,900160.0,1.0,True,True,True,True
launch_base·城市预算付15%·税10%,funding,2,1.0,0.0,0.0,1.0,1.0,,0.2336480157033467,8698648.0,0.865058603906515,1116,0.004987141700655995,909240.0,1.0,True,True,True,True
launch_base·城市预算付15%·税10%,funding,3,1.0,0.0,0.0,1.0,1.0,,0.23772895997020727,8718292.0,0.8621559836220278,1168,0.004594876545064932,913040.0,1.0,True,True,True,True
launch_base·城市预算付15%·税10%,funding,4,1.0,0.0,0.0,1.0,1.0,,0.24284209577759053,8677826.0,0.8623269230250946,1115,0.004795301313054307,910960.0,1.0,True,True,True,True
launch_base·城市预算付15%·税10%,funding,5,1.0,0.0,0.0,1.0,1.0,,0.24524016587279251,8743752.0,0.8619981180328248,1109,0.005583495402632625,902880.0,1.0,True,True,True,True
launch_base·城市预算付15%·税20%,funding,1,1.0,0.0,0.0,0.2248498958460973,0.5616438356164384,,0.20257251471124293,8704802.0,0.9835293153051475,1157,0.005645275626968739,902240.0,1.0,False,True,True,True
launch_base·城市预算付15%·税20%,funding,2,1.0,0.0,0.0,0.23525091799265607,0.5643835616438356,,0.20300184522961184,8698648.0,0.985511286148863,1182,0.004842194887167356,910720.0,1.0,False,True,True,True
launch_base·城市预算付15%·税20%,funding,3,1.0,0.0,0.0,0.22634803921568628,0.5589041095890411,,0.206649773384445,8718292.0,0.9826361524861623,1233,0.004428018114952166,914760.0,1.0,False,True,True,True
launch_base·城市预算付15%·税20%,funding,4,1.0,0.0,0.0,0.2310986053339858,0.5616438356164384,,0.21198126407339402,8677826.0,0.984036857892749,1180,0.004602928304740802,912920.0,1.0,False,True,True,True
launch_base·城市预算付15%·税20%,funding,5,1.0,0.0,0.0,0.22916666666666666,0.5616438356164384,,0.21459492027741267,8743752.0,0.9837896815088065,1168,0.005369737185627656,905080.0,1.0,False,True,True,True
launch_base·城市预算付15%·税30%,funding,1,1.0,0.0,0.0,0.23971003808821723,0.5616438356164384,,0.20223685903999788,8704802.0,1.0,1174,0.005595510083891411,902760.0,1.0,False,True,True,True
launch_base·城市预算付15%·税30%,funding,2,1.0,0.0,0.0,0.23778022785740535,0.5643835616438356,,0.20276120418237653,8698648.0,1.0,1206,0.004811743503959923,911040.0,1.0,False,True,True,True
launch_base·城市预算付15%·税30%,funding,3,1.0,0.0,0.0,0.23762254901960783,0.5589041095890411,,0.2062769607743924,8718292.0,1.0,1258,0.004412371562829959,914920.0,1.0,False,True,True,True
launch_base·城市预算付15%·税30%,funding,4,1.0,0.0,0.0,0.23862660944206007,0.5616438356164384,,0.2116550769979566,8677826.0,1.0,1202,0.004599164944813059,912960.0,1.0,False,True,True,True
launch_base·城市预算付15%·税30%,funding,5,1.0,0.0,0.0,0.23828220858895705,0.5616438356164384,,0.21430791275025207,8743752.0,1.0,1188,0.005350095441073255,905280.0,1.0,False,True,True,True
launch_base·城市预算付10%·税2%,funding,1,1.0,0.0,0.0,1.0,1.0,,0.3955283865134416,8704802.0,0.45513523761074676,896,0.008775823586585454,870280.0,1.0,True,True,True,True
launch_base·城市预算付10%·税2%,funding,2,1.0,0.0,0.0,1.0,1.0,,0.3977507687556956,8698648.0,0.45682835860963067,912,0.00714443211609542,887240.0,1.0,True,True,True,True
launch_base·城市预算付10%·税2%,funding,3,1.0,0.0,0.0,1.0,1.0,,0.40056535824687667,8718292.0,0.45537499717474805,939,0.0068271332847394,890240.0,1.0,True,True,True,True
launch_base·城市预算付10%·税2%,funding,4,1.0,0.0,0.0,1.0,1.0,,0.40535704939103656,8677826.0,0.45526128075421,932,0.007096730895571669,887400.0,1.0,True,True,True,True
launch_base·城市预算付10%·税2%,funding,5,1.0,0.0,0.0,1.0,1.0,,0.40658715365113407,8743752.0,0.45509972820306216,922,0.008232414157317467,875720.0,1.0,True,True,True,True
launch_base·城市预算付10%·税5%,funding,1,1.0,0.0,0.0,1.0,1.0,,0.33746089975686555,8704802.0,0.7824092453175552,977,0.006615227626069764,892360.0,1.0,True,True,True,True
launch_base·城市预算付10%·税5%,funding,2,1.0,0.0,0.0,1.0,1.0,,0.33871732248437647,8698648.0,0.7853146323333775,991,0.005548242090955176,903520.0,1.0,True,True,True,True
launch_base·城市预算付10%·税5%,funding,3,1.0,0.0,0.0,1.0,1.0,,0.34197697278319517,8718292.0,0.7827381271018388,1004,0.005188752770122548,906960.0,1.0,True,True,True,True
launch_base·城市预算付10%·税5%,funding,4,1.0,0.0,0.0,1.0,1.0,,0.3470312119751935,8677826.0,0.7826804534295514,992,0.005381748356819778,904960.0,1.0,True,True,True,True
launch_base·城市预算付10%·税5%,funding,5,1.0,0.0,0.0,1.0,1.0,,0.3488770307133171,8743752.0,0.7823963647902339,989,0.006260430574187593,895920.0,1.0,True,True,True,True
launch_base·城市预算付10%·税10%,funding,1,1.0,0.0,0.0,1.0,1.0,,0.30700095705037445,8704802.0,1.0,1064,0.006180386739616785,896800.0,1.0,True,True,True,True
launch_base·城市预算付10%·税10%,funding,2,1.0,0.0,0.0,1.0,1.0,,0.30836753324436494,8698648.0,1.0,1069,0.005270761806569301,906360.0,1.0,True,True,True,True
launch_base·城市预算付10%·税10%,funding,3,1.0,0.0,0.0,1.0,1.0,,0.31131957853149883,8718292.0,1.0,1105,0.004868679822409683,910240.0,1.0,True,True,True,True
launch_base·城市预算付10%·税10%,funding,4,1.0,0.0,0.0,1.0,1.0,,0.31650182842829633,8677826.0,1.0,1069,0.005064269674713244,908200.0,1.0,True,True,True,True
launch_base·城市预算付10%·税10%,funding,5,1.0,0.0,0.0,1.0,1.0,,0.3186157674236867,8743752.0,1.0,1069,0.005906944227890386,899560.0,1.0,True,True,True,True
launch_base·城市预算付10%·税20%,funding,1,1.0,0.0,0.0,1.0,1.0,,0.30700095705037445,8704802.0,1.0,1064,0.006180386739616785,896800.0,1.0,True,True,True,True
launch_base·城市预算付10%·税20%,funding,2,1.0,0.0,0.0,1.0,1.0,,0.30836753324436494,8698648.0,1.0,1069,0.005270761806569301,906360.0,1.0,True,True,True,True
launch_base·城市预算付10%·税20%,funding,3,1.0,0.0,0.0,1.0,1.0,,0.31131957853149883,8718292.0,1.0,1105,0.004868679822409683,910240.0,1.0,True,True,True,True
launch_base·城市预算付10%·税20%,funding,4,1.0,0.0,0.0,1.0,1.0,,0.31650182842829633,8677826.0,1.0,1069,0.005064269674713244,908200.0,1.0,True,True,True,True
launch_base·城市预算付10%·税20%,funding,5,1.0,0.0,0.0,1.0,1.0,,0.3186157674236867,8743752.0,1.0,1069,0.005906944227890386,899560.0,1.0,True,True,True,True
launch_base·城市预算付10%·税30%,funding,1,1.0,0.0,0.0,1.0,1.0,,0.30700095705037445,8704802.0,1.0,1064,0.006180386739616785,896800.0,1.0,True,True,True,True
launch_base·城市预算付10%·税30%,funding,2,1.0,0.0,0.0,1.0,1.0,,0.30836753324436494,8698648.0,1.0,1069,0.005270761806569301,906360.0,1.0,True,True,True,True
launch_base·城市预算付10%·税30%,funding,3,1.0,0.0,0.0,1.0,1.0,,0.31131957853149883,8718292.0,1.0,1105,0.004868679822409683,910240.0,1.0,True,True,True,True
launch_base·城市预算付10%·税30%,funding,4,1.0,0.0,0.0,1.0,1.0,,0.31650182842829633,8677826.0,1.0,1069,0.005064269674713244,908200.0,1.0,True,True,True,True
launch_base·城市预算付10%·税30%,funding,5,1.0,0.0,0.0,1.0,1.0,,0.3186157674236867,8743752.0,1.0,1069,0.005906944227890386,899560.0,1.0,True,True,True,True
launch_base·城市预算付5%·税2%,funding,1,1.0,0.0,0.0,1.0,1.0,,0.388192394377066,8704802.0,0.8553363837697721,933,0.0069594744288776714,888840.0,1.0,True,True,True,True
launch_base·城市预算付5%·税2%,funding,2,1.0,0.0,0.0,1.0,1.0,,0.3898150127622084,8698648.0,0.8589964476120932,941,0.005870617281436035,900240.0,1.0,True,True,True,True
launch_base·城市预算付5%·税2%,funding,3,1.0,0.0,0.0,1.0,1.0,,0.3926527715372483,8718292.0,0.8563269428434976,964,0.005511908109687098,903680.0,1.0,True,True,True,True
launch_base·城市预算付5%·税2%,funding,4,1.0,0.0,0.0,1.0,1.0,,0.3975547300903126,8677826.0,0.8556475411072265,956,0.00565810791582515,902120.0,1.0,True,True,True,True
launch_base·城市预算付5%·税2%,funding,5,1.0,0.0,0.0,1.0,1.0,,0.39913981480518546,8743752.0,0.8554629798721886,946,0.006587987954722091,892560.0,1.0,True,True,True,True
launch_base·城市预算付5%·税5%,funding,1,1.0,0.0,0.0,1.0,1.0,,0.3802089699391207,8704802.0,1.0,996,0.006500961257268813,893520.0,1.0,True,True,True,True
launch_base·城市预算付5%·税5%,funding,2,1.0,0.0,0.0,1.0,1.0,,0.3820947944874171,8698648.0,1.0,1001,0.005566197529573255,903360.0,1.0,True,True,True,True
launch_base·城市预算付5%·税5%,funding,3,1.0,0.0,0.0,1.0,1.0,,0.3847932124627087,8718292.0,1.0,1025,0.005171278097499729,907160.0,1.0,True,True,True,True
launch_base·城市预算付5%·税5%,funding,4,1.0,0.0,0.0,1.0,1.0,,0.3895812232797746,8677826.0,1.0,1002,0.00539994054290409,904760.0,1.0,True,True,True,True
launch_base·城市预算付5%·税5%,funding,5,1.0,0.0,0.0,1.0,1.0,,0.3911033339199541,8743752.0,1.0,998,0.006257802394542837,895960.0,1.0,True,True,True,True
launch_base·城市预算付5%·税10%,funding,1,1.0,0.0,0.0,1.0,1.0,,0.3802089699391207,8704802.0,1.0,996,0.006500961257268813,893520.0,1.0,True,True,True,True
launch_base·城市预算付5%·税10%,funding,2,1.0,0.0,0.0,1.0,1.0,,0.3820947944874171,8698648.0,1.0,1001,0.005566197529573255,903360.0,1.0,True,True,True,True
launch_base·城市预算付5%·税10%,funding,3,1.0,0.0,0.0,1.0,1.0,,0.3847932124627087,8718292.0,1.0,1025,0.005171278097499729,907160.0,1.0,True,True,True,True
launch_base·城市预算付5%·税10%,funding,4,1.0,0.0,0.0,1.0,1.0,,0.3895812232797746,8677826.0,1.0,1002,0.00539994054290409,904760.0,1.0,True,True,True,True
launch_base·城市预算付5%·税10%,funding,5,1.0,0.0,0.0,1.0,1.0,,0.3911033339199541,8743752.0,1.0,998,0.006257802394542837,895960.0,1.0,True,True,True,True
launch_base·城市预算付5%·税20%,funding,1,1.0,0.0,0.0,1.0,1.0,,0.3802089699391207,8704802.0,1.0,996,0.006500961257268813,893520.0,1.0,True,True,True,True
launch_base·城市预算付5%·税20%,funding,2,1.0,0.0,0.0,1.0,1.0,,0.3820947944874171,8698648.0,1.0,1001,0.005566197529573255,903360.0,1.0,True,True,True,True
launch_base·城市预算付5%·税20%,funding,3,1.0,0.0,0.0,1.0,1.0,,0.3847932124627087,8718292.0,1.0,1025,0.005171278097499729,907160.0,1.0,True,True,True,True
launch_base·城市预算付5%·税20%,funding,4,1.0,0.0,0.0,1.0,1.0,,0.3895812232797746,8677826.0,1.0,1002,0.00539994054290409,904760.0,1.0,True,True,True,True
launch_base·城市预算付5%·税20%,funding,5,1.0,0.0,0.0,1.0,1.0,,0.3911033339199541,8743752.0,1.0,998,0.006257802394542837,895960.0,1.0,True,True,True,True
launch_base·城市预算付5%·税30%,funding,1,1.0,0.0,0.0,1.0,1.0,,0.3802089699391207,8704802.0,1.0,996,0.006500961257268813,893520.0,1.0,True,True,True,True
launch_base·城市预算付5%·税30%,funding,2,1.0,0.0,0.0,1.0,1.0,,0.3820947944874171,8698648.0,1.0,1001,0.005566197529573255,903360.0,1.0,True,True,True,True
launch_base·城市预算付5%·税30%,funding,3,1.0,0.0,0.0,1.0,1.0,,0.3847932124627087,8718292.0,1.0,1025,0.005171278097499729,907160.0,1.0,True,True,True,True
launch_base·城市预算付5%·税30%,funding,4,1.0,0.0,0.0,1.0,1.0,,0.3895812232797746,8677826.0,1.0,1002,0.00539994054290409,904760.0,1.0,True,True,True,True
launch_base·城市预算付5%·税30%,funding,5,1.0,0.0,0.0,1.0,1.0,,0.3911033339199541,8743752.0,1.0,998,0.006257802394542837,895960.0,1.0,True,True,True,True
steady_fresh20·无每日玩法,funding,1,1.0,0.0,0.0,1.0,1.0,,0.5867842338228062,14008186.0,,1153,0.0,960000.0,1.0,True,True,True,True
steady_fresh20·无每日玩法,funding,2,1.0,0.0,0.0,1.0,1.0,,0.5943026312590003,13934632.0,,1153,0.0,960000.0,1.0,True,True,True,True
steady_fresh20·无每日玩法,funding,3,1.0,0.0,0.0,1.0,1.0,,0.5834251508978219,13998516.0,,1153,0.0,960000.0,1.0,True,True,True,True
steady_fresh20·无每日玩法,funding,4,1.0,0.0,0.0,1.0,1.0,,0.5856916475957084,13919858.0,,1127,0.0,960000.0,1.0,True,True,True,True
steady_fresh20·无每日玩法,funding,5,1.0,0.0,0.0,1.0,1.0,,0.6003161692180892,13964804.0,,1153,0.0,960000.0,1.0,True,True,True,True
steady_fresh20·照单机发币,funding,1,2.3053999999999997,0.33583199515623763,1.0583686524337272,1.0,1.0,,3.299084122722541,50209612.0,1.0,3261,0.0,960000.0,1.0,True,False,False,True
steady_fresh20·照单机发币,funding,2,2.2998000000000003,0.32202130946042784,1.0537140378206775,1.0,1.0,,3.268927856041244,50153452.0,1.0,3261,0.0,960000.0,1.0,True,False,False,True
steady_fresh20·照单机发币,funding,3,2.2802,0.345955079820109,1.0443941824685066,1.0,1.0,,3.2787610760999337,50126987.0,1.0,3261,0.0,960000.0,1.0,True,False,False,True
steady_fresh20·照单机发币,funding,4,2.3014,0.3158929898765317,1.0594712642165987,1.0,1.0,,3.27457202458472,50227427.0,1.0,3261,0.0,960000.0,1.0,True,False,False,True
steady_fresh20·照单机发币,funding,5,2.3449999999999998,0.3274592406532044,1.0395298088777252,1.0,1.0,,3.264081007540283,50150254.0,1.0,3261,0.0,960000.0,1.0,True,False,False,True
steady_fresh20·城市预算付100%·税2%,funding,1,1.0,0.0,0.0,1.0,1.0,,0.491295283442055,13979810.0,0.04232068394963903,1153,0.0,960000.0,1.0,True,True,True,True
steady_fresh20·城市预算付100%·税2%,funding,2,1.0,0.0,0.0,1.0,1.0,,0.48095680671769414,13956838.0,0.042349568940343425,1153,0.0,960000.0,1.0,True,True,True,True
steady_fresh20·城市预算付100%·税2%,funding,3,1.0,0.0,0.0,1.0,1.0,,0.4881000113477323,13977982.0,0.04240744662266638,1179,0.0,960000.0,1.0,True,True,True,True
steady_fresh20·城市预算付100%·税2%,funding,4,1.0,0.0,0.0,1.0,1.0,,0.48202043181873444,13979732.0,0.042292289206251596,1153,0.0,960000.0,1.0,True,True,True,True
steady_fresh20·城市预算付100%·税2%,funding,5,1.0,0.0,0.0,1.0,1.0,,0.4802440177811407,13969608.0,0.04236870176392096,1179,0.0,960000.0,1.0,True,True,True,True
steady_fresh20·城市预算付100%·税5%,funding,1,1.0,0.0,0.0,1.0,1.0,,0.4274096222754271,13979810.0,0.07280503492677105,1215,0.0,960000.0,1.0,True,True,True,True
steady_fresh20·城市预算付100%·税5%,funding,2,1.0,0.0,0.0,1.0,1.0,,0.4167330402807685,13956838.0,0.07284783598819491,1217,0.0,960000.0,1.0,True,True,True,True
steady_fresh20·城市预算付100%·税5%,funding,3,1.0,0.0,0.0,1.0,1.0,,0.42410501515732824,13977982.0,0.07294961507239273,1217,0.0,960000.0,1.0,True,True,True,True
steady_fresh20·城市预算付100%·税5%,funding,4,1.0,0.0,0.0,1.0,1.0,,0.4185308922506612,13979732.0,0.07275124666547762,1215,0.0,960000.0,1.0,True,True,True,True
steady_fresh20·城市预算付100%·税5%,funding,5,1.0,0.0,0.0,1.0,1.0,,0.416515517963546,13969608.0,0.07288139631337705,1240,0.0,960000.0,1.0,True,True,True,True
steady_fresh20·城市预算付100%·税10%,funding,1,1.0257999999999998,0.0006061453816383899,0.0,1.0,1.0,,0.32082308719173747,13979810.0,0.12391395349055455,1329,0.0,960000.0,1.0,True,True,True,True
steady_fresh20·城市预算付100%·税10%,funding,2,1.0484,0.0016107346813806211,0.0,1.0,1.0,,0.30868769368351945,13956838.0,0.12397308764847452,1321,0.0,960000.0,1.0,True,True,True,True
steady_fresh20·城市预算付100%·税10%,funding,3,1.0176,0.0005866666666667353,0.0,1.0,1.0,,0.31708590233385037,13977982.0,0.12415022211538049,1336,0.0,960000.0,1.0,True,True,True,True
steady_fresh20·城市预算付100%·税10%,funding,4,1.011,0.000520000000000076,0.0,1.0,1.0,,0.3104596213547901,13979732.0,0.12381275554211102,1307,0.0,960000.0,1.0,True,True,True,True
steady_fresh20·城市预算付100%·税10%,funding,5,1.0,0.0,0.0,1.0,1.0,,0.3083307886665496,13969608.0,0.12402512105505248,1339,0.0,960000.0,1.0,True,True,True,True
steady_fresh20·城市预算付100%·税20%,funding,1,1.0576,0.0033484446042111315,0.0,0.17749448394214268,0.4301369863013699,,0.2547365548103271,13979810.0,0.13766211032563744,1204,0.0,960000.0,1.0,False,True,True,True
steady_fresh20·城市预算付100%·税20%,funding,2,1.0574,0.004865645613264524,0.0,0.17564747759911625,0.4301369863013699,,0.24330932355650892,13956838.0,0.13758477519471848,1215,0.0,960000.0,1.0,False,True,True,True
steady_fresh20·城市预算付100%·税20%,funding,3,1.0508,0.00489591211240703,0.0,0.1750858263854831,0.4301369863013699,,0.25061493901944787,13977982.0,0.1377940831289824,1215,0.0,960000.0,1.0,False,True,True,True
steady_fresh20·城市预算付100%·税20%,funding,4,1.0474,0.00407847736844924,0.0,0.17612452506434612,0.4301369863013699,,0.24395326782110138,13979732.0,0.13745017441798713,1204,0.0,960000.0,1.0,False,True,True,True
steady_fresh20·城市预算付100%·税20%,funding,5,1.0492000000000001,0.0036860666679947585,0.0,0.17342811619070964,0.4301369863013699,,0.24218278364026968,13969608.0,0.13765920597437648,1215,0.0,960000.0,1.0,False,True,True,True
steady_fresh20·城市预算付100%·税30%,funding,1,1.0,0.0,0.0,0.1221813725490196,0.2684931506849315,,0.2388209415821303,13979810.0,0.14366012820053503,1206,0.0,960000.0,1.0,False,True,True,True
steady_fresh20·城市预算付100%·税30%,funding,2,1.0262,0.0009266666666667422,0.0,0.12082924435721296,0.2684931506849315,,0.22698938472470265,13956838.0,0.14349367043005734,1217,0.0,960000.0,1.0,False,True,True,True
steady_fresh20·城市预算付100%·税30%,funding,3,1.0046,0.00015333333333322763,0.0,0.12188229512225089,0.2684931506849315,,0.23483902431116555,13977982.0,0.1437409134774249,1217,0.0,960000.0,1.0,False,True,True,True
steady_fresh20·城市预算付100%·税30%,funding,4,1.0,0.0,0.0,0.12220584622942766,0.2684931506849315,,0.22845323945108054,13979732.0,0.143364233229175,1215,0.0,960000.0,1.0,False,True,True,True
steady_fresh20·城市预算付100%·税30%,funding,5,1.0,0.0,0.0,0.12084814315479839,0.2684931506849315,,0.2269531556120037,13969608.0,0.14361169781213967,1240,0.0,960000.0,1.0,False,True,True,True
steady_fresh20·城市预算付50%·税2%,funding,1,1.0,0.0,0.0,1.0,1.0,,0.4926983067519146,13979810.0,0.08524288689606846,1159,0.0,960000.0,1.0,True,True,True,True
steady_fresh20·城市预算付50%·税2%,funding,2,1.0,0.0,0.0,1.0,1.0,,0.4825112731575918,13956838.0,0.08530104040059257,1179,0.0,960000.0,1.0,True,True,True,True
steady_fresh20·城市预算付50%·税2%,funding,3,1.0,0.0,0.0,1.0,1.0,,0.48945363370600736,13977982.0,0.08541803934766577,1171,0.0,960000.0,1.0,True,True,True,True
steady_fresh20·城市预算付50%·税2%,funding,4,1.0,0.0,0.0,1.0,1.0,,0.4839735051025509,13979732.0,0.08518573777911512,1175,0.0,960000.0,1.0,True,True,True,True
steady_fresh20·城市预算付50%·税2%,funding,5,1.0,0.0,0.0,1.0,1.0,,0.4823842401805136,13969608.0,0.08533973713903716,1179,0.0,960000.0,1.0,True,True,True,True
steady_fresh20·城市预算付50%·税5%,funding,1,1.0,0.0,0.0,1.0,1.0,,0.42991422966129633,13979810.0,0.14664407332979226,1215,0.0,960000.0,1.0,True,True,True,True
steady_fresh20·城市预算付50%·税5%,funding,2,1.0,0.0,0.0,1.0,1.0,,0.4190880427528929,13956838.0,0.14672878078824175,1238,0.0,960000.0,1.0,True,True,True,True
steady_fresh20·城市预算付50%·税5%,funding,3,1.0,0.0,0.0,1.0,1.0,,0.4266710886798264,13977982.0,0.1469335014586056,1246,0.0,960000.0,1.0,True,True,True,True
steady_fresh20·城市预算付50%·税5%,funding,4,1.0,0.0,0.0,1.0,1.0,,0.4206645879997515,13979732.0,0.14653331432904154,1240,0.0,960000.0,1.0,True,True,True,True
steady_fresh20·城市预算付50%·税5%,funding,5,1.0,0.0,0.0,1.0,1.0,,0.4188331464241801,13969608.0,0.1467929123160656,1245,0.0,960000.0,1.0,True,True,True,True
steady_fresh20·城市预算付50%·税10%,funding,1,1.014,0.0003466250716581687,0.0,1.0,1.0,,0.3245689864832,13979810.0,0.24957394262327254,1331,0.0,960000.0,1.0,True,True,True,True
steady_fresh20·城市预算付50%·税10%,funding,2,1.0446,0.0014844597698088213,0.0,1.0,1.0,,0.3134890186341446,13956838.0,0.2496997592397974,1352,0.0,960000.0,1.0,True,True,True,True
steady_fresh20·城市预算付50%·税10%,funding,3,1.0144,0.00048000000000003595,0.0,1.0,1.0,,0.3207893158398132,13977982.0,0.25004954885054187,1350,0.0,960000.0,1.0,True,True,True,True
steady_fresh20·城市预算付50%·税10%,funding,4,1.0038,0.0001266666666666083,0.0,1.0,1.0,,0.3144117003369278,13979732.0,0.24936614852187453,1347,0.0,960000.0,1.0,True,True,True,True
steady_fresh20·城市预算付50%·税10%,funding,5,1.0,0.0,0.0,1.0,1.0,,0.3123234384078042,13969608.0,0.2498078791483574,1350,0.0,960000.0,1.0,True,True,True,True
steady_fresh20·城市预算付50%·税20%,funding,1,1.0602,0.004345280080916725,0.0,0.18055896052954157,0.4383561643835616,,0.25522066811148525,13979810.0,0.2811507791120861,1202,0.0,960000.0,1.0,False,True,True,True
steady_fresh20·城市预算付50%·税20%,funding,2,1.0624,0.005070228623624828,0.0,0.17859334724438444,0.4383561643835616,,0.24309345170711683,13956838.0,0.2809779963671731,1217,0.0,960000.0,1.0,False,True,True,True
steady_fresh20·城市预算付50%·税20%,funding,3,1.0582,0.00544353902971062,0.0,0.17790583619421285,0.4383561643835616,,0.25130323302298185,13977982.0,0.28140894252974114,1223,0.0,960000.0,1.0,False,True,True,True
steady_fresh20·城市预算付50%·税20%,funding,4,1.0526,0.005658076254073663,0.0,0.1788209339379826,0.4383561643835616,,0.24453161095785303,13979732.0,0.28071884011583725,1222,0.0,960000.0,1.0,False,True,True,True
steady_fresh20·城市预算付50%·税20%,funding,5,1.0442,0.004992541024365971,0.0,0.17600196102463536,0.4383561643835616,,0.24318560754482443,13969608.0,0.281164496200227,1238,0.0,960000.0,1.0,False,True,True,True
steady_fresh20·城市预算付50%·税30%,funding,1,1.0,0.0,0.0,0.125,0.273972602739726,,0.23942314448005453,13979810.0,0.29346066000726967,1215,0.0,960000.0,1.0,False,True,True,True
steady_fresh20·城市预算付50%·税30%,funding,2,1.0295999999999998,0.0011866666666666692,0.0,0.12303729146221785,0.273972602739726,,0.22735777179184447,13956838.0,0.2930961374753778,1238,0.0,960000.0,1.0,False,True,True,True
steady_fresh20·城市预算付50%·税30%,funding,3,1.0078,0.00025999999999992696,0.0,0.12409386902567883,0.273972602739726,,0.2353484564382169,13977982.0,0.29359470015353595,1246,0.0,960000.0,1.0,False,True,True,True
steady_fresh20·城市预算付50%·税30%,funding,4,1.0,0.0,0.0,0.12478506509457137,0.273972602739726,,0.2290542786044112,13979732.0,0.2928911445834851,1240,0.0,960000.0,1.0,False,True,True,True
steady_fresh20·城市预算付50%·税30%,funding,5,1.0,0.0,0.0,0.12292358803986711,0.273972602739726,,0.22743848887327567,13969608.0,0.29330229188874785,1245,0.0,960000.0,1.0,False,True,True,True
steady_fresh20·城市预算付25%·税2%,funding,1,1.0,0.0,0.0,1.0,1.0,,0.49159969518291735,13979810.0,0.17262060625601014,1175,0.0,960000.0,1.0,True,True,True,True
steady_fresh20·城市预算付25%·税2%,funding,2,1.0,0.0,0.0,1.0,1.0,,0.4815982081825967,13956838.0,0.1727501827195841,1179,0.0,960000.0,1.0,True,True,True,True
steady_fresh20·城市预算付25%·税2%,funding,3,1.0,0.0,0.0,1.0,1.0,,0.48856229634873194,13977982.0,0.1729838598209455,1180,0.0,960000.0,1.0,True,True,True,True
steady_fresh20·城市预算付25%·税2%,funding,4,1.0,0.0,0.0,1.0,1.0,,0.4830966012715172,13979732.0,0.17251606002102665,1179,0.0,960000.0,1.0,True,True,True,True
steady_fresh20·城市预算付25%·税2%,funding,5,1.0,0.0,0.0,1.0,1.0,,0.48137020172677025,13969608.0,0.1728277385320346,1181,0.0,960000.0,1.0,True,True,True,True
steady_fresh20·城市预算付25%·税5%,funding,1,1.0,0.0,0.0,1.0,1.0,,0.42770727831853383,13979810.0,0.2969703410389879,1238,0.0,960000.0,1.0,True,True,True,True
steady_fresh20·城市预算付25%·税5%,funding,2,1.0,0.0,0.0,1.0,1.0,,0.41752479554315136,13956838.0,0.2971642461439576,1259,0.0,960000.0,1.0,True,True,True,True
steady_fresh20·城市预算付25%·税5%,funding,3,1.0,0.0,0.0,1.0,1.0,,0.42435777238610384,13977982.0,0.29757313404038177,1248,0.0,960000.0,1.0,True,True,True,True
steady_fresh20·城市预算付25%·税5%,funding,4,1.0,0.0,0.0,1.0,1.0,,0.41860492449521636,13979732.0,0.2967655805750066,1245,0.0,960000.0,1.0,True,True,True,True
steady_fresh20·城市预算付25%·税5%,funding,5,1.0,0.0,0.0,1.0,1.0,,0.4166464444474469,13969608.0,0.2972956550148484,1260,0.0,960000.0,1.0,True,True,True,True
steady_fresh20·城市预算付25%·税10%,funding,1,1.0208,0.0004999033520187712,0.0,1.0,1.0,,0.32073026390457704,13979810.0,0.5054519271491315,1354,0.0,960000.0,1.0,True,True,True,True
steady_fresh20·城市预算付25%·税10%,funding,2,1.0506,0.002026666666666621,0.0,1.0,1.0,,0.309452971547604,13956838.0,0.5057378344140251,1353,0.0,960000.0,1.0,True,True,True,True
steady_fresh20·城市预算付25%·税10%,funding,3,1.0202,0.0006733333333333036,0.0,1.0,1.0,,0.31738553650457413,13977982.0,0.5064500350628169,1369,0.0,960000.0,1.0,True,True,True,True
steady_fresh20·城市预算付25%·税10%,funding,4,1.0096,0.000320000000000098,0.0,1.0,1.0,,0.31079411740865526,13979732.0,0.505070036871461,1354,0.0,960000.0,1.0,True,True,True,True
steady_fresh20·城市预算付25%·税10%,funding,5,1.0,0.0,0.0,1.0,1.0,,0.3086711434786722,13969608.0,0.5059643859442243,1354,0.0,960000.0,1.0,True,True,True,True
steady_fresh20·城市预算付25%·税20%,funding,1,1.0966,0.014168862502533686,0.0,0.176636430497671,0.4191780821917808,,0.25703903171935205,13979810.0,0.5608865514176992,1220,0.0,960000.0,1.0,False,True,True,True
steady_fresh20·城市预算付25%·税20%,funding,2,1.0844,0.009990529057378073,0.0,0.1749110101877992,0.4191780821917808,,0.2452758107352342,13956838.0,0.5606381111020712,1240,0.0,960000.0,1.0,False,True,True,True
steady_fresh20·城市预算付25%·税20%,funding,3,1.0788,0.009826112779225848,0.0,0.1739823442864149,0.42191780821917807,,0.2528489562788083,13977982.0,0.5614265009452575,1236,0.0,960000.0,1.0,False,True,True,True
steady_fresh20·城市预算付25%·税20%,funding,4,1.0794000000000001,0.012586194477005042,0.0,0.17502144870694938,0.4191780821917808,,0.24661140366756817,13979732.0,0.5600696942291724,1225,0.0,960000.0,1.0,False,True,True,True
steady_fresh20·城市预算付25%·税20%,funding,5,1.0876,0.012207862178623907,0.0,0.17220247579360215,0.42191780821917807,,0.24438191620164562,13969608.0,0.5609292699540197,1238,0.0,960000.0,1.0,False,True,True,True
steady_fresh20·城市预算付25%·税30%,funding,1,1.1102,0.018896452372763606,0.0,0.12478548663888207,0.27671232876712326,,0.24624072442698175,13979810.0,0.5837082290788811,1238,0.0,960000.0,1.0,False,True,True,True
steady_fresh20·城市预算付25%·税30%,funding,2,1.0962,0.01572448199977794,0.0,0.12274456855284153,0.27671232876712326,,0.2347117340804643,13956838.0,0.5830728982965779,1247,0.0,960000.0,1.0,False,True,True,True
steady_fresh20·城市预算付25%·税30%,funding,3,1.0954000000000002,0.012557940760708708,0.0,0.1225940909648155,0.27671232876712326,,0.24203834993164342,13977982.0,0.5840434000382504,1246,0.0,960000.0,1.0,False,True,True,True
steady_fresh20·城市预算付25%·税30%,funding,4,1.0964,0.015282558854039285,0.0,0.12342198798872411,0.27671232876712326,,0.23578715999881106,13979732.0,0.5826068922974577,1245,0.0,960000.0,1.0,False,True,True,True
steady_fresh20·城市预算付25%·税30%,funding,5,1.091,0.01638000000000006,0.0,0.12060301507537688,0.27671232876712326,,0.23358960154571617,13969608.0,0.5834229392903388,1245,0.0,960000.0,1.0,False,True,True,True
steady_fresh20·城市预算付15%·税2%,funding,1,1.0,0.0,0.0,1.0,1.0,,0.49534018991617534,13979810.0,0.2758864395813347,1169,0.0,960000.0,1.0,True,True,True,True
steady_fresh20·城市预算付15%·税2%,funding,2,1.0,0.0,0.0,1.0,1.0,,0.4854722838377097,13956838.0,0.2760497361928943,1182,0.0,960000.0,1.0,True,True,True,True
steady_fresh20·城市预算付15%·税2%,funding,3,1.0,0.0,0.0,1.0,1.0,,0.49236081465910875,13977982.0,0.27643200124055384,1181,0.0,960000.0,1.0,True,True,True,True
steady_fresh20·城市预算付15%·税2%,funding,4,1.0,0.0,0.0,1.0,1.0,,0.48682239556454987,13979732.0,0.27568154755161484,1181,0.0,960000.0,1.0,True,True,True,True
steady_fresh20·城市预算付15%·税2%,funding,5,1.0,0.0,0.0,1.0,1.0,,0.4850576265690236,13969608.0,0.27617228428254154,1181,0.0,960000.0,1.0,True,True,True,True
steady_fresh20·城市预算付15%·税5%,funding,1,1.0,0.0,0.0,1.0,1.0,,0.43360081392646554,13979810.0,0.4746013387905975,1246,0.0,960000.0,1.0,True,True,True,True
steady_fresh20·城市预算付15%·税5%,funding,2,1.0,0.0,0.0,1.0,1.0,,0.4232701207963754,13956838.0,0.47483622350674376,1247,0.0,960000.0,1.0,True,True,True,True
steady_fresh20·城市预算付15%·税5%,funding,3,1.0,0.0,0.0,1.0,1.0,,0.43042489152108243,13977982.0,0.4755057330537279,1247,0.0,960000.0,1.0,True,True,True,True
steady_fresh20·城市预算付15%·税5%,funding,4,1.0,0.0,0.0,1.0,1.0,,0.42448589469588693,13979732.0,0.4742063342212881,1235,0.0,960000.0,1.0,True,True,True,True
steady_fresh20·城市预算付15%·税5%,funding,5,1.0,0.0,0.0,1.0,1.0,,0.4228176892624069,13969608.0,0.4750487851278142,1246,0.0,960000.0,1.0,True,True,True,True
steady_fresh20·城市预算付15%·税10%,funding,1,1.0222,0.00047964506265363305,0.0,1.0,1.0,,0.3310004107464235,13979810.0,0.8076578865360214,1354,0.0,960000.0,1.0,True,True,True,True
steady_fresh20·城市预算付15%·税10%,funding,2,1.0558,0.002646666666666686,0.0,1.0,1.0,,0.3198154957622654,13956838.0,0.8079923649001495,1365,0.0,960000.0,1.0,True,True,True,True
steady_fresh20·城市预算付15%·税10%,funding,3,1.0238,0.0009466666666666512,0.0,1.0,1.0,,0.32722807320908465,13977982.0,0.8091359217874073,1354,0.0,960000.0,1.0,True,True,True,True
steady_fresh20·城市预算付15%·税10%,funding,4,1.0106,0.00040650135611519644,0.0,1.0,1.0,,0.32101407963599904,13979732.0,0.8069315138352274,1355,0.0,960000.0,1.0,True,True,True,True
steady_fresh20·城市预算付15%·税10%,funding,5,1.0,0.0,0.0,1.0,1.0,,0.31905919390360893,13969608.0,0.8083418244917195,1355,0.0,960000.0,1.0,True,True,True,True
steady_fresh20·城市预算付15%·税20%,funding,1,1.1044,0.012979570039531318,0.0016466666666665741,0.18816611539875047,0.5123287671232877,,0.2877962373465781,13979810.0,0.9186311546259238,1314,0.0,960000.0,1.0,False,True,True,True
steady_fresh20·城市预算付15%·税20%,funding,2,1.1224,0.01850666666666667,0.0014199999999999768,0.18749233599019008,0.5123287671232877,,0.2767901287936303,13956838.0,0.9179893036572848,1315,0.0,960000.0,1.0,False,True,True,True
steady_fresh20·城市预算付15%·税20%,funding,3,1.103,0.011185801560282815,0.0003666666666666263,0.1861206473761648,0.5123287671232877,,0.2843721461804074,13977982.0,0.9193483125402323,1323,0.0,960000.0,1.0,False,True,True,True
steady_fresh20·城市预算付15%·税20%,funding,4,1.0892,0.006563305097654792,0.0,0.18922888616891065,0.5123287671232877,,0.27780964526666474,13979732.0,0.9172143107093677,1311,0.0,960000.0,1.0,False,True,True,True
steady_fresh20·城市预算付15%·税20%,funding,5,1.064,0.005419638690753903,0.0007466666666666733,0.1831106753278588,0.5123287671232877,,0.27587358635878445,13969608.0,0.9184450659283803,1312,0.0,960000.0,1.0,False,True,True,True
steady_fresh20·城市预算付15%·税30%,funding,1,1.1044,0.012141826019893776,0.0029933333333334033,0.13426436359181673,0.5123287671232877,,0.2844566257181307,13979810.0,0.9440902708456432,1353,0.0,960000.0,1.0,False,True,True,True
steady_fresh20·城市预算付15%·税30%,funding,2,1.1224,0.01850666666666667,0.0028200000000000447,0.13329245861434702,0.5123287671232877,,0.27337535494573495,13956838.0,0.9431190463328111,1363,0.0,960000.0,1.0,False,True,True,True
steady_fresh20·城市预算付15%·税30%,funding,3,1.103,0.011185801560282815,0.0011200000000000099,0.13266307013241785,0.5123287671232877,,0.2811123749723061,13977982.0,0.944606926545869,1364,0.0,960000.0,1.0,False,True,True,True
steady_fresh20·城市预算付15%·税30%,funding,4,1.0892,0.007141108029941057,0.00011999999999989797,0.13488372093023257,0.5123287671232877,,0.27436579494149016,13979732.0,0.9423289733998382,1352,0.0,960000.0,1.0,False,True,True,True
steady_fresh20·城市预算付15%·税30%,funding,5,1.064,0.005419638690753903,0.0019000000000000128,0.12942762593455082,0.5123287671232877,,0.272527462134007,13969608.0,0.9434011449011975,1353,0.0,960000.0,1.0,False,True,True,True
steady_fresh20·城市预算付10%·税2%,funding,1,1.0,0.0,0.0,1.0,1.0,,0.49496146550000275,13979810.0,0.43239164322404977,1174,0.0,960000.0,1.0,True,True,True,True
steady_fresh20·城市预算付10%·税2%,funding,2,1.0,0.0,0.0,1.0,1.0,,0.4849850186557587,13956838.0,0.4326865976634649,1188,0.0,960000.0,1.0,True,True,True,True
steady_fresh20·城市预算付10%·税2%,funding,3,1.0,0.0,0.0,1.0,1.0,,0.4918235535694022,13977982.0,0.4332809550187092,1183,0.0,960000.0,1.0,True,True,True,True
steady_fresh20·城市预算付10%·税2%,funding,4,1.0,0.0,0.0,1.0,1.0,,0.48626620806303,13979732.0,0.4321010410871184,1180,0.0,960000.0,1.0,True,True,True,True
steady_fresh20·城市预算付10%·税2%,funding,5,1.0,0.0,0.0,1.0,1.0,,0.4846113415573361,13969608.0,0.4328799800760251,1183,0.0,960000.0,1.0,True,True,True,True
steady_fresh20·城市预算付10%·税5%,funding,1,1.0,0.0,0.0,1.0,1.0,,0.43373146912105676,13979810.0,0.7438422242324846,1247,0.0,960000.0,1.0,True,True,True,True
steady_fresh20·城市预算付10%·税5%,funding,2,1.0,0.0,0.0,1.0,1.0,,0.4231866359384753,13956838.0,0.7442769227642827,1255,0.0,960000.0,1.0,True,True,True,True
steady_fresh20·城市预算付10%·税5%,funding,3,1.0,0.0,0.0,1.0,1.0,,0.43024400326382395,13977982.0,0.7453116698131338,1248,0.0,960000.0,1.0,True,True,True,True
steady_fresh20·城市预算付10%·税5%,funding,4,1.0,0.0,0.0,1.0,1.0,,0.42454006792593524,13979732.0,0.7432837225924754,1247,0.0,960000.0,1.0,True,True,True,True
steady_fresh20·城市预算付10%·税5%,funding,5,1.0,0.0,0.0,1.0,1.0,,0.42263758090013637,13969608.0,0.7446068883415945,1249,0.0,960000.0,1.0,True,True,True,True
steady_fresh20·城市预算付10%·税10%,funding,1,1.0,0.0,0.0,0.7575312270389419,0.9780821917808219,,0.3927446508385173,13979810.0,1.0,1333,0.0,960000.0,1.0,False,True,True,True
steady_fresh20·城市预算付10%·税10%,funding,2,1.0142,0.0004733333333333256,0.0,0.7549019607843137,0.9753424657534246,,0.382303776811743,13956838.0,1.0,1333,0.0,960000.0,1.0,False,True,True,True
steady_fresh20·城市预算付10%·税10%,funding,3,1.0,0.0,0.0,0.7708537782139352,0.9780821917808219,,0.3897398937636105,13977982.0,1.0,1333,0.0,960000.0,1.0,False,True,True,True
steady_fresh20·城市预算付10%·税10%,funding,4,1.0,0.0,0.0,0.7422869735553379,0.9753424657534246,,0.3832714146373095,13979732.0,1.0,1333,0.0,960000.0,1.0,False,True,True,True
steady_fresh20·城市预算付10%·税10%,funding,5,1.0,0.0,0.0,0.7484392214469335,0.9780821917808219,,0.38167853427193266,13969608.0,1.0,1333,0.0,960000.0,1.0,False,True,True,True
steady_fresh20·城市预算付10%·税20%,funding,1,1.0,0.0,0.0,0.6965466568699485,0.9780821917808219,,0.3927446508385173,13979810.0,1.0,1333,0.0,960000.0,1.0,False,True,True,True
steady_fresh20·城市预算付10%·税20%,funding,2,1.0142,0.0004733333333333256,0.0,0.6867647058823529,0.9753424657534246,,0.382303776811743,13956838.0,1.0,1333,0.0,960000.0,1.0,False,True,True,True
steady_fresh20·城市预算付10%·税20%,funding,3,1.0,0.0,0.0,0.7146712463199215,0.9780821917808219,,0.3897398937636105,13977982.0,1.0,1333,0.0,960000.0,1.0,False,True,True,True
steady_fresh20·城市预算付10%·税20%,funding,4,1.0,0.0,0.0,0.6672380019588638,0.9753424657534246,,0.3832714146373095,13979732.0,1.0,1333,0.0,960000.0,1.0,False,True,True,True
steady_fresh20·城市预算付10%·税20%,funding,5,1.0,0.0,0.0,0.6933529195739992,0.9780821917808219,,0.38167853427193266,13969608.0,1.0,1333,0.0,960000.0,1.0,False,True,True,True
steady_fresh20·城市预算付10%·税30%,funding,1,1.0,0.0,0.0,0.6966691158461915,0.9780821917808219,,0.3927446508385173,13979810.0,1.0,1333,0.0,960000.0,1.0,False,True,True,True
steady_fresh20·城市预算付10%·税30%,funding,2,1.0142,0.0004733333333333256,0.0,0.6868872549019608,0.9753424657534246,,0.382303776811743,13956838.0,1.0,1333,0.0,960000.0,1.0,False,True,True,True
steady_fresh20·城市预算付10%·税30%,funding,3,1.0,0.0,0.0,0.7149165848871443,0.9780821917808219,,0.3897398937636105,13977982.0,1.0,1333,0.0,960000.0,1.0,False,True,True,True
steady_fresh20·城市预算付10%·税30%,funding,4,1.0,0.0,0.0,0.6673604309500489,0.9753424657534246,,0.3832714146373095,13979732.0,1.0,1333,0.0,960000.0,1.0,False,True,True,True
steady_fresh20·城市预算付10%·税30%,funding,5,1.0,0.0,0.0,0.6934753335781614,0.9780821917808219,,0.38167853427193266,13969608.0,1.0,1333,0.0,960000.0,1.0,False,True,True,True
steady_fresh20·城市预算付5%·税2%,funding,1,1.0,0.0,0.0,1.0,1.0,,0.48859124785844377,13979810.0,0.856484351698877,1185,0.0,960000.0,1.0,True,True,True,True
steady_fresh20·城市预算付5%·税2%,funding,2,1.0,0.0,0.0,1.0,1.0,,0.47840349393586523,13956838.0,0.8573542421846253,1186,0.0,960000.0,1.0,True,True,True,True
steady_fresh20·城市预算付5%·税2%,funding,3,1.0,0.0,0.0,1.0,1.0,,0.4854627443139756,13977982.0,0.8584738051843702,1180,0.0,960000.0,1.0,True,True,True,True
steady_fresh20·城市预算付5%·税2%,funding,4,1.0,0.0,0.0,1.0,1.0,,0.47970908570177984,13979732.0,0.8561700939537351,1186,0.0,960000.0,1.0,True,True,True,True
steady_fresh20·城市预算付5%·税2%,funding,5,1.0,0.0,0.0,1.0,1.0,,0.47790774344354214,13969608.0,0.8577403750935719,1186,0.0,960000.0,1.0,True,True,True,True
steady_fresh20·城市预算付5%·税5%,funding,1,1.0,0.0,0.0,1.0,1.0,,0.4804341481605585,13979810.0,1.0,1242,0.0,960000.0,1.0,True,True,True,True
steady_fresh20·城市预算付5%·税5%,funding,2,1.0,0.0,0.0,1.0,1.0,,0.47046729906221385,13956838.0,1.0,1242,0.0,960000.0,1.0,True,True,True,True
steady_fresh20·城市预算付5%·税5%,funding,3,1.0,0.0,0.0,1.0,1.0,,0.4775471606352568,13977982.0,1.0,1242,0.0,960000.0,1.0,True,True,True,True
steady_fresh20·城市预算付5%·税5%,funding,4,1.0,0.0,0.0,1.0,1.0,,0.4715803992877774,13979732.0,1.0,1242,0.0,960000.0,1.0,True,True,True,True
steady_fresh20·城市预算付5%·税5%,funding,5,1.0,0.0,0.0,1.0,1.0,,0.46996270824607156,13969608.0,1.0,1242,0.0,960000.0,1.0,True,True,True,True
steady_fresh20·城市预算付5%·税10%,funding,1,1.0,0.0,0.0,1.0,1.0,,0.4804341481605585,13979810.0,1.0,1242,0.0,960000.0,1.0,True,True,True,True
steady_fresh20·城市预算付5%·税10%,funding,2,1.0,0.0,0.0,1.0,1.0,,0.47046729906221385,13956838.0,1.0,1242,0.0,960000.0,1.0,True,True,True,True
steady_fresh20·城市预算付5%·税10%,funding,3,1.0,0.0,0.0,1.0,1.0,,0.4775471606352568,13977982.0,1.0,1242,0.0,960000.0,1.0,True,True,True,True
steady_fresh20·城市预算付5%·税10%,funding,4,1.0,0.0,0.0,1.0,1.0,,0.4715803992877774,13979732.0,1.0,1242,0.0,960000.0,1.0,True,True,True,True
steady_fresh20·城市预算付5%·税10%,funding,5,1.0,0.0,0.0,1.0,1.0,,0.46996270824607156,13969608.0,1.0,1242,0.0,960000.0,1.0,True,True,True,True
steady_fresh20·城市预算付5%·税20%,funding,1,1.0,0.0,0.0,1.0,1.0,,0.4804341481605585,13979810.0,1.0,1242,0.0,960000.0,1.0,True,True,True,True
steady_fresh20·城市预算付5%·税20%,funding,2,1.0,0.0,0.0,1.0,1.0,,0.47046729906221385,13956838.0,1.0,1242,0.0,960000.0,1.0,True,True,True,True
steady_fresh20·城市预算付5%·税20%,funding,3,1.0,0.0,0.0,1.0,1.0,,0.4775471606352568,13977982.0,1.0,1242,0.0,960000.0,1.0,True,True,True,True
steady_fresh20·城市预算付5%·税20%,funding,4,1.0,0.0,0.0,1.0,1.0,,0.4715803992877774,13979732.0,1.0,1242,0.0,960000.0,1.0,True,True,True,True
steady_fresh20·城市预算付5%·税20%,funding,5,1.0,0.0,0.0,1.0,1.0,,0.46996270824607156,13969608.0,1.0,1242,0.0,960000.0,1.0,True,True,True,True
steady_fresh20·城市预算付5%·税30%,funding,1,1.0,0.0,0.0,1.0,1.0,,0.4804341481605585,13979810.0,1.0,1242,0.0,960000.0,1.0,True,True,True,True
steady_fresh20·城市预算付5%·税30%,funding,2,1.0,0.0,0.0,1.0,1.0,,0.47046729906221385,13956838.0,1.0,1242,0.0,960000.0,1.0,True,True,True,True
steady_fresh20·城市预算付5%·税30%,funding,3,1.0,0.0,0.0,1.0,1.0,,0.4775471606352568,13977982.0,1.0,1242,0.0,960000.0,1.0,True,True,True,True
steady_fresh20·城市预算付5%·税30%,funding,4,1.0,0.0,0.0,1.0,1.0,,0.4715803992877774,13979732.0,1.0,1242,0.0,960000.0,1.0,True,True,True,True
steady_fresh20·城市预算付5%·税30%,funding,5,1.0,0.0,0.0,1.0,1.0,,0.46996270824607156,13969608.0,1.0,1242,0.0,960000.0,1.0,True,True,True,True
launch_base·带入≤0,import,1,1.0,0.0,0.0,1.0,1.0,,0.3802089699391207,8704802.0,1.0,996,0.006500961257268813,893520.0,1.0,True,True,True,True
launch_base·带入≤0,import,2,1.0,0.0,0.0,1.0,1.0,,0.3820947944874171,8698648.0,1.0,1001,0.005566197529573255,903360.0,1.0,True,True,True,True
launch_base·带入≤0,import,3,1.0,0.0,0.0,1.0,1.0,,0.3847932124627087,8718292.0,1.0,1025,0.005171278097499729,907160.0,1.0,True,True,True,True
launch_base·带入≤0,import,4,1.0,0.0,0.0,1.0,1.0,,0.3895812232797746,8677826.0,1.0,1002,0.00539994054290409,904760.0,1.0,True,True,True,True
launch_base·带入≤0,import,5,1.0,0.0,0.0,1.0,1.0,,0.3911033339199541,8743752.0,1.0,998,0.006257802394542837,895960.0,1.0,True,True,True,True
launch_base·带入≤500,import,1,1.0,0.0,0.0,1.0,1.0,,0.3153804797766582,9280012.0,1.0,1005,0.005319403941641333,905520.0,1.0,True,True,True,True
launch_base·带入≤500,import,2,1.0,0.0,0.0,1.0,1.0,,0.30266054936609366,9339160.0,1.0,989,0.005697284492566822,901760.0,1.0,True,True,True,True
launch_base·带入≤500,import,3,1.0,0.0,0.0,1.0,1.0,,0.3100840835224601,9356312.0,1.0,996,0.006126577756536344,897560.0,1.0,True,True,True,True
launch_base·带入≤500,import,4,1.0,0.0,0.0,1.0,1.0,,0.31992876996068476,9383977.0,1.0,1049,0.005493794086735268,903800.0,1.0,True,True,True,True
launch_base·带入≤500,import,5,1.0,0.0,0.0,1.0,1.0,,0.31421305743130823,9405777.0,1.0,1013,0.005741490964096855,901360.0,1.0,True,True,True,True
launch_base·带入≤1000,import,1,1.0,0.0,0.0,1.0,1.0,,0.2544011555086938,9719392.0,1.0,1005,0.005319403941641333,905520.0,1.0,True,True,True,True
launch_base·带入≤1000,import,2,1.0,0.0,0.0,1.0,1.0,,0.24284425986525227,9775946.0,1.0,989,0.005697284492566822,901760.0,1.0,True,True,True,True
launch_base·带入≤1000,import,3,1.0,0.0,0.0,1.0,1.0,,0.2478453886619787,9814177.0,1.0,996,0.006126577756536344,897560.0,1.0,True,True,True,True
launch_base·带入≤1000,import,4,1.0,0.0,0.0,1.0,1.0,,0.2590883951929561,9827789.0,1.0,1049,0.005493794086735268,903800.0,1.0,True,True,True,True
launch_base·带入≤1000,import,5,1.0,0.0,0.0,1.0,1.0,,0.25213179758737714,9857887.0,1.0,1013,0.005741490964096855,901360.0,1.0,True,True,True,True
launch_base·带入≤2000,import,1,1.0,0.0,0.0,1.0,1.0,,0.17682979581134095,10357513.0,1.0,1005,0.005319403941641333,905520.0,1.0,True,True,True,True
launch_base·带入≤2000,import,2,1.0,0.0,0.0,1.0,1.0,,0.16600796115774585,10416000.0,1.0,989,0.005697284492566822,901760.0,1.0,True,True,True,True
launch_base·带入≤2000,import,3,1.0,0.0,0.0,1.0,1.0,,0.17013795133997678,10467175.0,1.0,996,0.006126577756536344,897560.0,1.0,True,True,True,True
launch_base·带入≤2000,import,4,1.0,0.0,0.0,1.0,1.0,,0.1820999954727347,10468162.0,1.0,1049,0.005493794086735268,903800.0,1.0,True,True,True,True
launch_base·带入≤2000,import,5,1.0,0.0,0.0,1.0,1.0,,0.1717770788743862,10528357.0,1.0,1013,0.005741490964096855,901360.0,1.0,True,True,True,True
launch_base·带入≤4000,import,1,1.0,0.0,0.0,1.0,1.0,,0.10825344709732798,11004971.0,1.0,1005,0.005319403941641333,905520.0,1.0,True,True,True,True
launch_base·带入≤4000,import,2,1.0,0.0,0.0,1.0,1.0,,0.10418668762899608,11006262.0,1.0,989,0.005697284492566822,901760.0,1.0,True,True,True,True
launch_base·带入≤4000,import,3,1.0,0.0,0.0,1.0,1.0,,0.10216554159456659,11121624.0,1.0,996,0.006126577756536344,897560.0,1.0,True,True,True,True
launch_base·带入≤4000,import,4,1.0,0.0,0.0,1.0,1.0,,0.11442094520885382,11115403.0,1.0,1049,0.005493794086735268,903800.0,1.0,True,True,True,True
launch_base·带入≤4000,import,5,1.0,0.0,0.0,1.0,1.0,,0.10107580109420167,11198791.0,1.0,1013,0.005741490964096855,901360.0,1.0,True,True,True,True
launch_base·带入≤12000,import,1,1.0,0.0,0.0,1.0,1.0,,0.06323306682307672,11471305.0,1.0,1005,0.005319403941641333,905520.0,1.0,True,True,True,True
launch_base·带入≤12000,import,2,1.0,0.0,0.0,1.0,1.0,,0.06423810643678629,11402114.0,1.0,989,0.005697284492566822,901760.0,1.0,True,True,True,True
launch_base·带入≤12000,import,3,1.0,0.0,0.0,1.0,1.0,,0.056297757870243714,11575565.0,1.0,996,0.006126577756536344,897560.0,1.0,True,True,True,True
launch_base·带入≤12000,import,4,1.0,0.0,0.0,1.0,1.0,,0.06427286072246807,11628015.0,1.0,1049,0.005493794086735268,903800.0,1.0,True,True,True,True
launch_base·带入≤12000,import,5,1.0,0.0,0.0,1.0,1.0,,0.047806521927832524,11732830.0,1.0,1013,0.005741490964096855,901360.0,1.0,True,True,True,True
launch_base·玩家篮子0.0,coverage,1,1.0,0.0,0.0,1.0,1.0,,0.33085584911036414,8888550.0,1.0,1107,0.005324757580509892,905520.0,1.0,True,True,True,True
launch_base·玩家篮子0.0,coverage,2,1.0,0.0,0.0,1.0,1.0,,0.3209061059932712,8665448.0,1.0,1091,0.005675700715029302,901840.0,1.0,True,True,True,True
launch_base·玩家篮子0.0,coverage,3,1.0,0.0,0.0,1.0,1.0,,0.3329934437333615,8640994.0,1.0,1144,0.005855165122736604,900320.0,1.0,True,True,True,True
launch_base·玩家篮子0.0,coverage,4,1.0,0.0,0.0,1.0,1.0,,0.34204856275337514,8887836.0,1.0,1154,0.00548480080504918,903960.0,1.0,True,True,True,True
launch_base·玩家篮子0.0,coverage,5,1.0,0.0,0.0,1.0,1.0,,0.3475331601743763,8952968.0,1.0,1153,0.0047755797331923725,911200.0,1.0,True,True,True,True
launch_base·玩家篮子0.25,coverage,1,1.0,0.0,0.0,1.0,1.0,,0.3802089699391207,8704802.0,1.0,996,0.006500961257268813,893520.0,1.0,True,True,True,True
launch_base·玩家篮子0.25,coverage,2,1.0,0.0,0.0,1.0,1.0,,0.3820947944874171,8698648.0,1.0,1001,0.005566197529573255,903360.0,1.0,True,True,True,True
launch_base·玩家篮子0.25,coverage,3,1.0,0.0,0.0,1.0,1.0,,0.3847932124627087,8718292.0,1.0,1025,0.005171278097499729,907160.0,1.0,True,True,True,True
launch_base·玩家篮子0.25,coverage,4,1.0,0.0,0.0,1.0,1.0,,0.3895812232797746,8677826.0,1.0,1002,0.00539994054290409,904760.0,1.0,True,True,True,True
launch_base·玩家篮子0.25,coverage,5,1.0,0.0,0.0,1.0,1.0,,0.3911033339199541,8743752.0,1.0,998,0.006257802394542837,895960.0,1.0,True,True,True,True
launch_base·玩家篮子0.5,coverage,1,1.0,0.0,0.0,1.0,1.0,,0.45763871631672415,8933394.0,1.0,898,0.007269588671102712,885560.0,1.0,True,True,True,True
launch_base·玩家篮子0.5,coverage,2,1.0,0.0,0.0,1.0,1.0,,0.45462627352154894,8772688.0,1.0,866,0.0073814627469799944,884680.0,1.0,True,True,True,True
launch_base·玩家篮子0.5,coverage,3,1.0,0.0,0.0,1.0,1.0,,0.457766524584988,8898934.0,1.0,970,0.00728944583483491,885480.0,1.0,True,True,True,True
launch_base·玩家篮子0.5,coverage,4,1.0,0.0,0.0,1.0,1.0,,0.4547425550295672,8831708.0,1.0,936,0.007183850865870206,886480.0,1.0,True,True,True,True
launch_base·玩家篮子0.5,coverage,5,1.0,0.0,0.0,1.0,1.0,,0.45894191872568113,8837708.0,1.0,934,0.007245651834231779,885920.0,1.0,True,True,True,True
launch_base·玩家篮子1.0,coverage,1,1.0,0.0,0.0,1.0,1.0,,0.5871512142289943,8737650.0,1.0,779,0.022435769968961863,730280.0,1.0,True,True,True,True
launch_base·玩家篮子1.0,coverage,2,1.0,0.0,0.0,1.0,1.0,,0.5881951462579305,8720420.0,1.0,789,0.021472820163911808,740480.0,1.0,True,True,True,True
launch_base·玩家篮子1.0,coverage,3,1.0,0.0,0.0,1.0,1.0,,0.5801416229154945,8803690.0,1.0,749,0.024356001538700878,710840.0,1.0,True,True,True,True
launch_base·玩家篮子1.0,coverage,4,1.0,0.0,0.0,1.0,1.0,,0.5898637298858049,8787512.0,1.0,815,0.02280141306913528,727080.0,1.0,True,True,True,True
launch_base·玩家篮子1.0,coverage,5,1.0,0.0,0.0,1.0,1.0,,0.595997940028798,8859774.0,1.0,788,0.021971691290835677,735320.0,1.0,True,True,True,True
supply_half_90_repair·玩家篮子0.0,coverage,1,1.0,0.0,0.0,1.0,1.0,1,0.3025247836113689,8888550.0,1.0,1107,0.005324757580509892,905520.0,0.5888888888888889,True,True,True,True
supply_half_90_repair·玩家篮子0.0,coverage,2,1.0,0.0,0.0,1.0,1.0,1,0.29256363828748877,8665448.0,1.0,1091,0.005675700715029302,901840.0,0.5888888888888889,True,True,True,True
supply_half_90_repair·玩家篮子0.0,coverage,3,1.0,0.0,0.0,1.0,1.0,1,0.30465806620493496,8640994.0,1.0,1144,0.005855165122736604,900320.0,0.5888888888888889,True,True,True,True
supply_half_90_repair·玩家篮子0.0,coverage,4,1.0,0.0,0.0,1.0,1.0,1,0.3137196604200987,8887836.0,1.0,1154,0.00548480080504918,903960.0,0.5888888888888889,True,True,True,True
supply_half_90_repair·玩家篮子0.0,coverage,5,1.0,0.0,0.0,1.0,1.0,1,0.31917006337261267,8952968.0,1.0,1153,0.0047755797331923725,911200.0,0.5888888888888889,True,True,True,True
supply_half_90_repair·玩家篮子0.25,coverage,1,1.0,0.0,0.0,1.0,1.0,1,0.35187790444012546,8704802.0,1.0,996,0.006500961257268813,893520.0,0.5888888888888889,True,True,True,True
supply_half_90_repair·玩家篮子0.25,coverage,2,1.0,0.0,0.0,1.0,1.0,1,0.3537523267816345,8698648.0,1.0,1001,0.005566197529573255,903360.0,0.5888888888888889,True,True,True,True
supply_half_90_repair·玩家篮子0.25,coverage,3,1.0,0.0,0.0,1.0,1.0,1,0.3564578349342822,8718292.0,1.0,1025,0.005171278097499729,907160.0,0.5888888888888889,True,True,True,True
supply_half_90_repair·玩家篮子0.25,coverage,4,1.0,0.0,0.0,1.0,1.0,1,0.3612523209464984,8677826.0,1.0,1002,0.00539994054290409,904760.0,0.5888888888888889,True,True,True,True
supply_half_90_repair·玩家篮子0.25,coverage,5,1.0,0.0,0.0,1.0,1.0,1,0.3627402371181905,8743752.0,1.0,998,0.006257802394542837,895960.0,0.5888888888888889,True,True,True,True
supply_half_90_repair·玩家篮子0.5,coverage,1,1.0,0.0,0.0,1.0,1.0,1,0.4293076508177289,8933394.0,1.0,898,0.007269588671102712,885560.0,0.5888888888888889,True,True,True,True
supply_half_90_repair·玩家篮子0.5,coverage,2,1.0,0.0,0.0,1.0,1.0,1,0.4262838058157663,8772688.0,1.0,866,0.0073814627469799944,884680.0,0.5888888888888889,True,True,True,True
supply_half_90_repair·玩家篮子0.5,coverage,3,1.0,0.0,0.0,1.0,1.0,1,0.4294311470565615,8898934.0,1.0,970,0.00728944583483491,885480.0,0.5888888888888889,True,True,True,True
supply_half_90_repair·玩家篮子0.5,coverage,4,1.0,0.0,0.0,1.0,1.0,1,0.42641365269629095,8831708.0,1.0,936,0.007183850865870206,886480.0,0.5888888888888889,True,True,True,True
supply_half_90_repair·玩家篮子0.5,coverage,5,1.0,0.0,0.0,1.0,1.0,1,0.4305788219239175,8837708.0,1.0,934,0.007245651834231779,885920.0,0.5888888888888889,True,True,True,True
supply_half_90_repair·玩家篮子1.0,coverage,1,1.0,0.0,0.0,1.0,1.0,1,0.5588201487299993,8737650.0,1.0,779,0.022435769968961863,730280.0,0.5888888888888889,True,True,True,True
supply_half_90_repair·玩家篮子1.0,coverage,2,1.0,0.0,0.0,1.0,1.0,1,0.559852678552148,8720420.0,1.0,789,0.021472820163911808,740480.0,0.5888888888888889,True,True,True,True
supply_half_90_repair·玩家篮子1.0,coverage,3,1.0,0.0,0.0,1.0,1.0,1,0.551806245387068,8803690.0,1.0,749,0.024356001538700878,710840.0,0.5888888888888889,True,True,True,True
supply_half_90_repair·玩家篮子1.0,coverage,4,1.0,0.0,0.0,1.0,1.0,1,0.5615348275525285,8787512.0,1.0,815,0.02280141306913528,727080.0,0.5888888888888889,True,True,True,True
supply_half_90_repair·玩家篮子1.0,coverage,5,1.0,0.0,0.0,1.0,1.0,1,0.5676348432270344,8859774.0,1.0,788,0.021971691290835677,735320.0,0.5888888888888889,True,True,True,True
supply_half_90_no_repair·玩家篮子0.0,coverage,1,1.0,0.0,0.0,0.71725,0.9232876712328767,2,0.3025247836113689,8888550.0,1.0,1107,0.005324757580509892,905520.0,0.9222222222222223,False,True,True,True
supply_half_90_no_repair·玩家篮子0.0,coverage,2,1.0,0.0,0.0,0.717125,0.9232876712328767,2,0.29256363828748877,8665448.0,1.0,1091,0.005675700715029302,901840.0,0.9222222222222223,False,True,True,True
supply_half_90_no_repair·玩家篮子0.0,coverage,3,1.0,0.0,0.0,0.717125,0.9232876712328767,2,0.30465806620493496,8640994.0,1.0,1144,0.005855165122736604,900320.0,0.9222222222222223,False,True,True,True
supply_half_90_no_repair·玩家篮子0.0,coverage,4,1.0,0.0,0.0,0.71675,0.9232876712328767,2,0.3137196604200987,8887836.0,1.0,1154,0.00548480080504918,903960.0,0.9222222222222223,False,True,True,True
supply_half_90_no_repair·玩家篮子0.0,coverage,5,1.0,0.0,0.0,0.717375,0.9232876712328767,2,0.31917006337261267,8952968.0,1.0,1153,0.0047755797331923725,911200.0,0.9222222222222223,False,True,True,True
supply_half_90_no_repair·玩家篮子0.25,coverage,1,1.0,0.0,0.0,0.729510214127492,0.9424657534246575,2,0.35187790444012546,8704802.0,1.0,996,0.006500961257268813,893520.0,0.9222222222222223,False,True,True,True
supply_half_90_no_repair·玩家篮子0.25,coverage,2,1.0,0.0,0.0,0.7304721030042919,0.9424657534246575,2,0.3537523267816345,8698648.0,1.0,1001,0.005566197529573255,903360.0,0.9222222222222223,False,True,True,True
supply_half_90_no_repair·玩家篮子0.25,coverage,3,1.0,0.0,0.0,0.7295404276234947,0.9424657534246575,2,0.3564578349342822,8718292.0,1.0,1025,0.005171278097499729,907160.0,0.9222222222222223,False,True,True,True
supply_half_90_no_repair·玩家篮子0.25,coverage,4,1.0,0.0,0.0,0.7308541973490427,0.9424657534246575,2,0.3612523209464984,8677826.0,1.0,1002,0.00539994054290409,904760.0,0.9222222222222223,False,True,True,True
supply_half_90_no_repair·玩家篮子0.25,coverage,5,1.0,0.0,0.0,0.7305947271612507,0.9424657534246575,2,0.3627402371181905,8743752.0,1.0,998,0.006257802394542837,895960.0,0.9222222222222223,False,True,True,True
supply_half_90_no_repair·玩家篮子0.5,coverage,1,1.0,0.0,0.0,0.7079646017699115,0.9397260273972603,1,0.43091388732168623,8905624.0,1.0,931,0.007414724191566689,884160.0,0.9222222222222223,False,True,True,True
supply_half_90_no_repair·玩家篮子0.5,coverage,2,1.0,0.0,0.0,0.7064641469445425,0.9397260273972603,1,0.42965790911407375,8872342.0,1.0,931,0.007656393170200668,881840.0,0.9222222222222223,False,True,True,True
supply_half_90_no_repair·玩家篮子0.5,coverage,3,1.0,0.0,0.0,0.7071302298173247,0.9397260273972603,1,0.43049453329609255,8802804.0,1.0,931,0.0076488760677218505,881840.0,0.9222222222222223,False,True,True,True
supply_half_90_no_repair·玩家篮子0.5,coverage,4,1.0,0.0,0.0,0.704225352112676,0.9397260273972603,1,0.42723694455790984,8762160.0,1.0,931,0.0075047163409734845,883200.0,0.9222222222222223,False,True,True,True
supply_half_90_no_repair·玩家篮子0.5,coverage,5,1.0,0.0,0.0,0.7062146892655368,0.9397260273972603,1,0.4180887945913465,8689230.0,1.0,868,0.0077194604971996365,881040.0,0.9222222222222223,False,True,True,True
supply_half_90_no_repair·玩家篮子1.0,coverage,1,1.0,0.0,0.0,0.686420318041414,0.915068493150685,1,0.5513299546514079,8737650.0,1.0,779,0.02133196289825078,741600.0,0.9222222222222223,False,True,True,True
supply_half_90_no_repair·玩家篮子1.0,coverage,2,1.0,0.0,0.0,0.6861848124428179,0.915068493150685,1,0.5524006340075063,8720420.0,1.0,792,0.020355627826758,752000.0,0.9222222222222223,False,True,True,True
supply_half_90_no_repair·玩家篮子1.0,coverage,3,1.0,0.0,0.0,0.6872065055549192,0.915068493150685,1,0.5440441060390786,8803690.0,1.0,749,0.023387979629779607,720800.0,0.9222222222222223,False,True,True,True
supply_half_90_no_repair·玩家篮子1.0,coverage,4,1.0,0.0,0.0,0.6862632963513668,0.915068493150685,1,0.5539302709699978,8787512.0,1.0,815,0.021652031818444033,738720.0,0.9222222222222223,False,True,True,True
supply_half_90_no_repair·玩家篮子1.0,coverage,5,1.0,0.0,0.0,0.6869704602702084,0.915068493150685,1,0.5600524420153628,8859774.0,1.0,792,0.020862669554507836,746640.0,0.9222222222222223,False,True,True,True
bed_half_10·玩家篮子0.0,coverage,1,1.0,0.0,0.0,0.675,0.9726027397260274,1,0.33085584911036414,8888550.0,1.0,1107,0.005324757580509892,905520.0,1.0,False,True,True,True
bed_half_10·玩家篮子0.0,coverage,2,1.0,0.0,0.0,0.675,0.9726027397260274,1,0.3209061059932712,8665448.0,1.0,1091,0.005675700715029302,901840.0,1.0,False,True,True,True
bed_half_10·玩家篮子0.0,coverage,3,1.0,0.0,0.0,0.675,0.9726027397260274,1,0.3329934437333615,8640994.0,1.0,1144,0.005855165122736604,900320.0,1.0,False,True,True,True
bed_half_10·玩家篮子0.0,coverage,4,1.0,0.0,0.0,0.675,0.9726027397260274,1,0.34204856275337514,8887836.0,1.0,1154,0.00548480080504918,903960.0,1.0,False,True,True,True
bed_half_10·玩家篮子0.0,coverage,5,1.0,0.0,0.0,0.675,0.9726027397260274,1,0.3475331601743763,8952968.0,1.0,1153,0.0047755797331923725,911200.0,1.0,False,True,True,True
bed_half_10·玩家篮子0.25,coverage,1,1.0,0.0,0.0,0.6543075245365322,0.9726027397260274,1,0.3915589344173609,8731132.0,1.0,1004,0.005431056963676345,904440.0,1.0,False,True,True,True
bed_half_10·玩家篮子0.25,coverage,2,1.0,0.0,0.0,0.65478355765733,0.9726027397260274,1,0.38580347386878455,8778062.0,1.0,1001,0.0060499063250093865,898400.0,1.0,False,True,True,True
bed_half_10·玩家篮子0.25,coverage,3,1.0,0.0,0.0,0.6544661253181433,0.9726027397260274,1,0.3877808406971581,8855440.0,1.0,1001,0.0056257438739268925,902560.0,1.0,False,True,True,True
bed_half_10·玩家篮子0.25,coverage,4,1.0,0.0,0.0,0.65478355765733,0.9726027397260274,1,0.39309373737003095,8744602.0,1.0,1001,0.005316385890455822,905720.0,1.0,False,True,True,True
bed_half_10·玩家篮子0.25,coverage,5,1.0,0.0,0.0,0.6553398058252428,0.9726027397260274,1,0.3927115215086141,8771144.0,1.0,989,0.005780244045054491,900920.0,1.0,False,True,True,True
bed_half_10·玩家篮子0.5,coverage,1,1.0,0.0,0.0,0.6349952963311383,0.9726027397260274,1,0.4608770920130949,8833090.0,1.0,933,0.007337665550088816,884920.0,1.0,False,True,True,True
bed_half_10·玩家篮子0.5,coverage,2,1.0,0.0,0.0,0.6335797254487856,0.9726027397260274,1,0.45278860190115866,8807826.0,1.0,892,0.007705200976880135,881360.0,1.0,False,True,True,True
bed_half_10·玩家篮子0.5,coverage,3,1.0,0.0,0.0,0.6360424028268551,0.9726027397260274,1,0.46137091953697285,8832028.0,1.0,931,0.00751013856338345,883160.0,1.0,False,True,True,True
bed_half_10·玩家篮子0.5,coverage,4,1.0,0.0,0.0,0.6349206349206349,0.9726027397260274,1,0.4643397126424067,8953258.0,1.0,967,0.007054566957485216,887640.0,1.0,False,True,True,True
bed_half_10·玩家篮子0.5,coverage,5,1.0,0.0,0.0,0.6364172068355922,0.9726027397260274,1,0.4638041638916979,8674996.0,1.0,938,0.007454959861621014,883760.0,1.0,False,True,True,True
bed_half_10·玩家篮子1.0,coverage,1,1.0,0.0,0.0,0.6182734142431875,0.9726027397260274,1,0.5837806268936281,8737650.0,1.0,779,0.0221228637526673,733480.0,1.0,False,True,True,True
bed_half_10·玩家篮子1.0,coverage,2,1.0,0.0,0.0,0.6194081211286993,0.9726027397260274,1,0.5848281960586155,8720420.0,1.0,789,0.021222672908881048,743080.0,1.0,False,True,True,True
bed_half_10·玩家篮子1.0,coverage,3,1.0,0.0,0.0,0.6182026330852891,0.9726027397260274,1,0.5767989928797244,8803690.0,1.0,749,0.024044545310778823,714120.0,1.0,False,True,True,True
bed_half_10·玩家篮子1.0,coverage,4,1.0,0.0,0.0,0.618698441796517,0.9726027397260274,1,0.5863764420085786,8787512.0,1.0,815,0.022518003765639186,729880.0,1.0,False,True,True,True
bed_half_10·玩家篮子1.0,coverage,5,1.0,0.0,0.0,0.6189821182943603,0.9726027397260274,1,0.592703093616993,8859774.0,1.0,788,0.02169339511469962,738160.0,1.0,False,True,True,True
launch_base·玩家篮子1·无每日玩法,funding_at_coverage,1,1.0,0.0,0.0,1.0,1.0,,0.6909581269550122,8888550.0,,691,0.04349494388758043,515760.0,1.0,True,True,True,True
launch_base·玩家篮子1·无每日玩法,funding_at_coverage,2,1.0,0.0,0.0,1.0,1.0,,0.6787095161589856,8665448.0,,658,0.04555445103974858,493240.0,1.0,True,True,True,True
launch_base·玩家篮子1·无每日玩法,funding_at_coverage,3,1.0,0.0,0.0,1.0,1.0,,0.6880088730210774,8640994.0,,698,0.04605386701372938,490400.0,1.0,True,True,True,True
launch_base·玩家篮子1·无每日玩法,funding_at_coverage,4,1.0,0.0,0.0,1.0,1.0,,0.7002494562199748,8887836.0,,746,0.042443104439119826,525480.0,1.0,True,True,True,True
launch_base·玩家篮子1·无每日玩法,funding_at_coverage,5,1.0,0.0,0.0,1.0,1.0,,0.7068501065709596,8952968.0,,718,0.041054009072278644,540160.0,1.0,True,True,True,True
launch_base·玩家篮子1·照单机发币,funding_at_coverage,1,2.061,0.2696550307736134,0.8255212301495285,1.0,1.0,,3.302560981471453,43216254.0,1.0,2809,0.001436233661709548,945320.0,1.0,True,False,False,True
launch_base·玩家篮子1·照单机发币,funding_at_coverage,2,2.0522,0.27478598369250506,0.8051441312310879,1.0,1.0,,3.2865809630492526,43070326.0,1.0,2852,0.00141723884929787,945560.0,1.0,True,False,False,True
launch_base·玩家篮子1·照单机发币,funding_at_coverage,3,2.0294,0.2907091713836374,0.8277935194463062,1.0,1.0,,3.280958835505764,43234846.0,1.0,2960,0.0017346034656013584,942280.0,1.0,True,False,False,True
launch_base·玩家篮子1·照单机发币,funding_at_coverage,4,1.9922,0.2741142326323467,0.817675422909298,1.0,1.0,,3.282115728529603,43199224.0,1.0,2841,0.0015592458238762336,944120.0,1.0,True,False,False,True
launch_base·玩家篮子1·照单机发币,funding_at_coverage,5,2.1128,0.28466761617700653,0.8146666225033952,1.0,1.0,,3.3031679166163457,43308479.0,1.0,2895,0.0015862363422347338,943800.0,1.0,True,False,False,True
launch_base·玩家篮子1·城市预算付100%·税2%,funding_at_coverage,1,1.0,0.0,0.0,1.0,1.0,,0.5846213849897697,8737650.0,0.045652805432609744,732,0.03577527251212137,593760.0,1.0,True,True,True,True
launch_base·玩家篮子1·城市预算付100%·税2%,funding_at_coverage,2,1.0,0.0,0.0,1.0,1.0,,0.5851191787270615,8720420.0,0.04583404100145136,720,0.03492998889256301,603320.0,1.0,True,True,True,True
launch_base·玩家篮子1·城市预算付100%·税2%,funding_at_coverage,3,1.0,0.0,0.0,1.0,1.0,,0.5780418365102689,8803690.0,0.045710402520322,708,0.03802963646345501,571360.0,1.0,True,True,True,True
launch_base·玩家篮子1·城市预算付100%·税2%,funding_at_coverage,4,1.0,0.0,0.0,1.0,1.0,,0.5866595961323764,8787512.0,0.04573007004126967,759,0.036410384702005326,588000.0,1.0,True,True,True,True
launch_base·玩家篮子1·城市预算付100%·税2%,funding_at_coverage,5,1.0,0.0,0.0,1.0,1.0,,0.5934486378757824,8859774.0,0.04570769786556563,731,0.03509432322830414,601080.0,1.0,True,True,True,True
launch_base·玩家篮子1·城市预算付100%·税5%,funding_at_coverage,1,1.0,0.0,0.0,1.0,1.0,,0.5248131566230341,8737650.0,0.07944048430731128,801,0.026256630398082854,691160.0,1.0,True,True,True,True
launch_base·玩家篮子1·城市预算付100%·税5%,funding_at_coverage,2,1.0,0.0,0.0,1.0,1.0,,0.5248558043214435,8720420.0,0.07976665205430257,794,0.025922068432208508,695200.0,1.0,True,True,True,True
launch_base·玩家篮子1·城市预算付100%·税5%,funding_at_coverage,3,1.0,0.0,0.0,1.0,1.0,,0.5172266951639606,8803690.0,0.07953700421792402,784,0.028681635404311755,666960.0,1.0,True,True,True,True
launch_base·玩家篮子1·城市预算付100%·税5%,funding_at_coverage,4,1.0,0.0,0.0,1.0,1.0,,0.5260461324033538,8787512.0,0.07956634066913032,831,0.027174142842990336,682360.0,1.0,True,True,True,True
launch_base·玩家篮子1·城市预算付100%·税5%,funding_at_coverage,5,1.0,0.0,0.0,1.0,1.0,,0.5327770024447638,8859774.0,0.07954798300835982,809,0.02593612203704782,694760.0,1.0,True,True,True,True
launch_base·玩家篮子1·城市预算付100%·税10%,funding_at_coverage,1,1.0,0.0,0.0,1.0,1.0,,0.4203296710709332,8737650.0,0.13602879629349263,899,0.015506279777315514,801160.0,1.0,True,True,True,True
launch_base·玩家篮子1·城市预算付100%·税10%,funding_at_coverage,2,1.0,0.0,0.0,1.0,1.0,,0.42057873699485615,8720420.0,0.13660284834549474,909,0.015098399340625042,805800.0,1.0,True,True,True,True
launch_base·玩家篮子1·城市预算付100%·税10%,funding_at_coverage,3,1.0,0.0,0.0,1.0,1.0,,0.4127229893013711,8803690.0,0.1361906350167273,917,0.017209026298059815,784080.0,1.0,True,True,True,True
launch_base·玩家篮子1·城市预算付100%·税10%,funding_at_coverage,4,1.0,0.0,0.0,1.0,1.0,,0.4207079419672992,8787512.0,0.13623303600820558,944,0.016115519858298833,795360.0,1.0,True,True,True,True
launch_base·玩家篮子1·城市预算付100%·税10%,funding_at_coverage,5,1.0,0.0,0.0,1.0,1.0,,0.4281847064291171,8859774.0,0.1362336552273881,917,0.015453795270273542,801960.0,1.0,True,True,True,True
launch_base·玩家篮子1·城市预算付100%·税20%,funding_at_coverage,1,1.0,0.0,0.0,0.6595548379656325,0.9424657534246575,,0.20208926767973168,8737650.0,0.24757333562576953,1153,0.007150873785043485,886760.0,1.0,False,True,True,True
launch_base·玩家篮子1·城市预算付100%·税20%,funding_at_coverage,2,1.0,0.0,0.0,0.6578704770684489,0.9397260273972603,,0.1998222252454187,8720420.0,0.24835526478587744,1158,0.007265737471876079,885800.0,1.0,False,True,True,True
launch_base·玩家篮子1·城市预算付100%·税20%,funding_at_coverage,3,1.0,0.0,0.0,0.6564084831719686,0.9397260273972603,,0.19297215172110427,8803690.0,0.24752038531613635,1165,0.008085377676969999,877280.0,1.0,False,True,True,True
launch_base·玩家篮子1·城市预算付100%·税20%,funding_at_coverage,4,1.0,0.0,0.0,0.6625215889464594,0.936986301369863,,0.1992313694299308,8787512.0,0.24747995682400226,1161,0.0074550296262711965,883840.0,1.0,False,True,True,True
launch_base·玩家篮子1·城市预算付100%·税20%,funding_at_coverage,5,1.0,0.0,0.0,0.6597701149425287,0.9424657534246575,,0.20803142955275322,8859774.0,0.24783941805649878,1174,0.0073057172543923255,885280.0,1.0,False,True,True,True
launch_base·玩家篮子1·城市预算付100%·税30%,funding_at_coverage,1,1.0,0.0,0.0,0.42832429938876715,0.39452054794520547,,0.15411667919979033,8737650.0,0.2542976217946643,1017,0.008118416525015736,876880.0,1.0,False,True,True,True
launch_base·玩家篮子1·城市预算付100%·税30%,funding_at_coverage,2,1.014,0.00046666666666661527,0.0,0.42694431661297744,0.3917808219178082,,0.15292866767727809,8720420.0,0.25517799088009147,1042,0.008128449163134948,876880.0,1.0,False,True,True,True
launch_base·玩家篮子1·城市预算付100%·税30%,funding_at_coverage,3,1.0,0.0,0.0,0.42753872633390705,0.3917808219178082,,0.14450071040839374,8803690.0,0.25409463452229136,1047,0.009289890497297545,864920.0,1.0,False,True,True,True
launch_base·玩家篮子1·城市预算付100%·税30%,funding_at_coverage,4,1.0,0.0,0.0,0.42510962381721673,0.39452054794520547,,0.15158080671001084,8787512.0,0.2540542010813063,1035,0.008490662640721774,873200.0,1.0,False,True,True,True
launch_base·玩家篮子1·城市预算付100%·税30%,funding_at_coverage,5,1.017,0.0005666666666666043,0.0,0.4250750404063727,0.39452054794520547,,0.160643988164755,8859774.0,0.25473517799870854,1041,0.008237694765386034,875720.0,1.0,False,True,True,True
launch_base·玩家篮子1·城市预算付50%·税2%,funding_at_coverage,1,1.0,0.0,0.0,1.0,1.0,,0.5871413658109876,8737650.0,0.09198883914117678,722,0.03497267224598242,601960.0,1.0,True,True,True,True
launch_base·玩家篮子1·城市预算付50%·税2%,funding_at_coverage,2,1.0,0.0,0.0,1.0,1.0,,0.5877130543786684,8720420.0,0.09235291757433664,727,0.03420358292448802,610640.0,1.0,True,True,True,True
launch_base·玩家篮子1·城市预算付50%·税2%,funding_at_coverage,3,1.0,0.0,0.0,1.0,1.0,,0.5799196624581884,8803690.0,0.09210299622443464,702,0.03740933927416872,577840.0,1.0,True,True,True,True
launch_base·玩家篮子1·城市预算付50%·税2%,funding_at_coverage,4,1.0,0.0,0.0,1.0,1.0,,0.5890850897702444,8787512.0,0.09214419569737285,752,0.03584627007916724,593760.0,1.0,True,True,True,True
launch_base·玩家篮子1·城市预算付50%·税2%,funding_at_coverage,5,1.0,0.0,0.0,1.0,1.0,,0.5957272750478897,8859774.0,0.09209771236869758,728,0.03448400306840226,607400.0,1.0,True,True,True,True
launch_base·玩家篮子1·城市预算付50%·税5%,funding_at_coverage,1,1.0,0.0,0.0,1.0,1.0,,0.5283881323595001,8737650.0,0.16006378969411195,790,0.025067351741487002,703200.0,1.0,True,True,True,True
launch_base·玩家篮子1·城市预算付50%·税5%,funding_at_coverage,2,1.0,0.0,0.0,1.0,1.0,,0.5289541251516996,8720420.0,0.1607182997530637,787,0.024318017147496082,711640.0,1.0,True,True,True,True
launch_base·玩家篮子1·城市预算付50%·税5%,funding_at_coverage,3,1.0,0.0,0.0,1.0,1.0,,0.5210500821051296,8803690.0,0.16025670286331067,773,0.027260822889191235,681400.0,1.0,True,True,True,True
launch_base·玩家篮子1·城市预算付50%·税5%,funding_at_coverage,4,1.0,0.0,0.0,1.0,1.0,,0.5300023310639634,8787512.0,0.1603170816654101,816,0.02571385345464241,697160.0,1.0,True,True,True,True
launch_base·玩家篮子1·城市预算付50%·税5%,funding_at_coverage,5,1.0,0.0,0.0,1.0,1.0,,0.5369486737348403,8859774.0,0.16027796324453447,793,0.024735730987382586,707120.0,1.0,True,True,True,True
launch_base·玩家篮子1·城市预算付50%·税10%,funding_at_coverage,1,1.0,0.0,0.0,1.0,1.0,,0.42708609055310065,8737650.0,0.2740717381592952,899,0.013281330544477393,823960.0,1.0,True,True,True,True
launch_base·玩家篮子1·城市预算付50%·税10%,funding_at_coverage,2,1.0,0.0,0.0,1.0,1.0,,0.42682379730762743,8720420.0,0.27520983953364614,907,0.012769468177989777,829520.0,1.0,True,True,True,True
launch_base·玩家篮子1·城市预算付50%·税10%,funding_at_coverage,3,1.0,0.0,0.0,1.0,1.0,,0.4192733190037281,8803690.0,0.2743863857734057,894,0.01463481908527765,810320.0,1.0,True,True,True,True
launch_base·玩家篮子1·城市预算付50%·税10%,funding_at_coverage,4,1.0,0.0,0.0,1.0,1.0,,0.42725137880814645,8787512.0,0.2744787425129364,931,0.013554490821580353,821480.0,1.0,True,True,True,True
launch_base·玩家篮子1·城市预算付50%·税10%,funding_at_coverage,5,1.0,0.0,0.0,1.0,1.0,,0.43492310291738767,8859774.0,0.2744693725413469,921,0.012866986561682689,828400.0,1.0,True,True,True,True
launch_base·玩家篮子1·城市预算付50%·税20%,funding_at_coverage,1,1.0,0.0,0.0,0.8853650098027909,0.9917808219178083,,0.21038892077257998,8737650.0,0.5042510683628317,1161,0.005141053798677093,907360.0,1.0,False,True,True,True
launch_base·玩家篮子1·城市预算付50%·税20%,funding_at_coverage,2,1.0,0.0,0.0,0.8463931781516478,0.9863013698630136,,0.20890288197008755,8720420.0,0.5062218020060876,1165,0.00529412498626455,905920.0,1.0,False,True,True,True
launch_base·玩家篮子1·城市预算付50%·税20%,funding_at_coverage,3,1.0,0.0,0.0,0.8393268787459659,0.9863013698630136,,0.20077719892649393,8803690.0,0.5045718072549189,1183,0.006233955096017657,896280.0,1.0,False,True,True,True
launch_base·玩家篮子1·城市预算付50%·税20%,funding_at_coverage,4,1.0,0.0,0.0,0.8294761082325849,0.9863013698630136,,0.20895789569675882,8787512.0,0.5046338813326335,1183,0.005630574183319127,902520.0,1.0,False,True,True,True
launch_base·玩家篮子1·城市预算付50%·税20%,funding_at_coverage,5,1.0,0.0,0.0,0.8637931034482759,0.989041095890411,,0.21690124523449317,8859774.0,0.5049914002891234,1171,0.005679663047900041,901960.0,1.0,False,True,True,True
launch_base·玩家篮子1·城市预算付50%·税30%,funding_at_coverage,1,1.0048,0.00015999999999993797,0.0,0.4358178053830228,0.40821917808219177,,0.15579954449043076,8737650.0,0.5200746550744342,1011,0.006148404923165365,897040.0,1.0,False,True,True,True
launch_base·玩家篮子1·城市预算付50%·税30%,funding_at_coverage,2,1.0046,0.00015333333333322763,0.0,0.434537505752416,0.4054794520547945,,0.15547679048815977,8720420.0,0.5220920459483583,1014,0.0062112718301109236,896480.0,1.0,False,True,True,True
launch_base·玩家篮子1·城市预算付50%·税30%,funding_at_coverage,3,1.0,0.0,0.0,0.43506792539719086,0.4054794520547945,,0.14677523164171125,8803690.0,0.5198588792032104,1019,0.007146509414104365,886920.0,1.0,False,True,True,True
launch_base·玩家篮子1·城市预算付50%·税30%,funding_at_coverage,4,1.0,0.0,0.0,0.43272559427648283,0.4054794520547945,,0.15402046479904552,8787512.0,0.5197607770033758,1038,0.006477375628542186,893800.0,1.0,False,True,True,True
launch_base·玩家篮子1·城市预算付50%·税30%,funding_at_coverage,5,1.027,0.0008999999999999009,0.0,0.4321172939274994,0.4054794520547945,,0.16252513679454061,8859774.0,0.5210741610639134,1020,0.006161638828638956,897040.0,1.0,False,True,True,True
launch_base·玩家篮子1·城市预算付25%·税2%,funding_at_coverage,1,1.0,0.0,0.0,1.0,1.0,,0.5871116856471315,8737650.0,0.18443086803760672,715,0.03372811704003653,614680.0,1.0,True,True,True,True
launch_base·玩家篮子1·城市预算付25%·税2%,funding_at_coverage,2,1.0,0.0,0.0,1.0,1.0,,0.5879530206052439,8720420.0,0.1851494146254386,728,0.032797816161738436,625040.0,1.0,True,True,True,True
launch_base·玩家篮子1·城市预算付25%·税2%,funding_at_coverage,3,1.0,0.0,0.0,1.0,1.0,,0.5800934527736961,8803690.0,0.18468794487023693,698,0.035943774199351526,592720.0,1.0,True,True,True,True
launch_base·玩家篮子1·城市预算付25%·税2%,funding_at_coverage,4,1.0,0.0,0.0,1.0,1.0,,0.5892500719014522,8787512.0,0.18477179185170156,751,0.03435752338491872,608760.0,1.0,True,True,True,True
launch_base·玩家篮子1·城市预算付25%·税2%,funding_at_coverage,5,1.0,0.0,0.0,1.0,1.0,,0.5960700633320939,8859774.0,0.1846835673007014,721,0.03302558189821347,622320.0,1.0,True,True,True,True
launch_base·玩家篮子1·城市预算付25%·税5%,funding_at_coverage,1,1.0,0.0,0.0,1.0,1.0,,0.5279112260902672,8737650.0,0.32093183088875216,787,0.02305689174218493,723840.0,1.0,True,True,True,True
launch_base·玩家篮子1·城市预算付25%·税5%,funding_at_coverage,2,1.0,0.0,0.0,1.0,1.0,,0.528225723731661,8720420.0,0.3222155402311394,787,0.022139821765653822,733880.0,1.0,True,True,True,True
launch_base·玩家篮子1·城市预算付25%·税5%,funding_at_coverage,3,1.0,0.0,0.0,1.0,1.0,,0.5203883835746563,8803690.0,0.3213619383282243,772,0.025088010876475924,703560.0,1.0,True,True,True,True
launch_base·玩家篮子1·城市预算付25%·税5%,funding_at_coverage,4,1.0,0.0,0.0,1.0,1.0,,0.5293564320907647,8787512.0,0.3214910995393852,822,0.023450330273915784,720320.0,1.0,True,True,True,True
launch_base·玩家篮子1·城市预算付25%·税5%,funding_at_coverage,5,1.0,0.0,0.0,1.0,1.0,,0.536602103704396,8859774.0,0.32141640303774643,793,0.022336959642277276,731600.0,1.0,True,True,True,True
launch_base·玩家篮子1·城市预算付25%·税10%,funding_at_coverage,1,1.0,0.0,0.0,1.0,1.0,,0.4247468889117336,8737650.0,0.549536219277925,886,0.010154000223839154,856000.0,1.0,True,True,True,True
launch_base·玩家篮子1·城市预算付25%·税10%,funding_at_coverage,2,1.0,0.0,0.0,1.0,1.0,,0.42479272208617846,8720420.0,0.5518004568788537,909,0.009647354408761553,861440.0,1.0,True,True,True,True
launch_base·玩家篮子1·城市预算付25%·税10%,funding_at_coverage,3,1.0,0.0,0.0,1.0,1.0,,0.41636219628860527,8803690.0,0.550244140327063,887,0.011514315304849875,842160.0,1.0,True,True,True,True
launch_base·玩家篮子1·城市预算付25%·税10%,funding_at_coverage,4,1.0,0.0,0.0,1.0,1.0,,0.4255164358895356,8787512.0,0.5504567638240797,925,0.010627254921560346,851400.0,1.0,True,True,True,True
launch_base·玩家篮子1·城市预算付25%·税10%,funding_at_coverage,5,1.0,0.0,0.0,1.0,1.0,,0.43250427100966005,8859774.0,0.5504570682165267,906,0.010277553536831859,854880.0,1.0,True,True,True,True
launch_base·玩家篮子1·城市预算付25%·税20%,funding_at_coverage,1,1.0,0.0,0.0,0.6778918233191097,0.8986301369863013,,0.2167252310263481,8737650.0,0.9933872817416335,1201,0.004151705961188926,917480.0,1.0,False,True,True,True
launch_base·玩家篮子1·城市预算付25%·税20%,funding_at_coverage,2,1.0,0.0,0.0,0.7025812399170316,0.8876712328767123,,0.2177515353519648,8720420.0,0.9958477318220379,1213,0.004239659865853739,916720.0,1.0,False,True,True,True
launch_base·玩家篮子1·城市预算付25%·税20%,funding_at_coverage,3,1.0,0.0,0.0,0.6781927155371139,0.8904109589041096,,0.20859843777618559,8803690.0,0.993297581783372,1226,0.004913188894506191,909800.0,1.0,False,True,True,True
launch_base·玩家篮子1·城市预算付25%·税20%,funding_at_coverage,4,1.0,0.0,0.0,0.685895221646517,0.8876712328767123,,0.2170518677919806,8787512.0,0.9931108546921846,1233,0.0044810711878945095,914280.0,1.0,False,True,True,True
launch_base·玩家篮子1·城市预算付25%·税20%,funding_at_coverage,5,1.0,0.0,0.0,0.6881609195402298,0.8931506849315068,,0.22373702168844978,8859774.0,0.9943489406580126,1217,0.004466193146676941,914320.0,1.0,False,True,True,True
launch_base·玩家篮子1·城市预算付25%·税30%,funding_at_coverage,1,1.0,0.0,0.0,0.5147177652083574,0.5863013698630137,,0.21654067437109759,8737650.0,1.0,1218,0.004119936361983621,917800.0,1.0,False,True,True,True
launch_base·玩家篮子1·城市预算付25%·税30%,funding_at_coverage,2,1.0,0.0,0.0,0.5120767363920028,0.5917808219178082,,0.21767366104784003,8720420.0,1.0,1227,0.004219519910169852,916920.0,1.0,False,True,True,True
launch_base·玩家篮子1·城市预算付25%·税30%,funding_at_coverage,3,1.0,0.0,0.0,0.5070128665816622,0.589041095890411,,0.20842545704289295,8803690.0,1.0,1246,0.0048933551441514315,910000.0,1.0,False,True,True,True
launch_base·玩家篮子1·城市预算付25%·税30%,funding_at_coverage,4,1.0,0.0,0.0,0.5070390030002307,0.5917808219178082,,0.21689781252310159,8787512.0,1.0,1241,0.004442302716042367,914680.0,1.0,False,True,True,True
launch_base·玩家篮子1·城市预算付25%·税30%,funding_at_coverage,5,1.0,0.0,0.0,0.5043347589874003,0.589041095890411,,0.22359952820014395,8859774.0,1.0,1229,0.004458245446806986,914400.0,1.0,False,True,True,True
launch_base·玩家篮子1·城市预算付15%·税2%,funding_at_coverage,1,1.0,0.0,0.0,1.0,1.0,,0.5913429977343243,8737650.0,0.30240354541584247,717,0.033707166693855685,614840.0,1.0,True,True,True,True
launch_base·玩家篮子1·城市预算付15%·税2%,funding_at_coverage,2,1.0,0.0,0.0,1.0,1.0,,0.5921498652518107,8720420.0,0.3036323170919863,722,0.03262095561678198,626800.0,1.0,True,True,True,True
launch_base·玩家篮子1·城市预算付15%·税2%,funding_at_coverage,3,1.0,0.0,0.0,1.0,1.0,,0.5843603558383696,8803690.0,0.3027091517297303,696,0.03585754959505331,593320.0,1.0,True,True,True,True
launch_base·玩家篮子1·城市预算付15%·税2%,funding_at_coverage,4,1.0,0.0,0.0,1.0,1.0,,0.5935977490124005,8787512.0,0.3028476140623677,740,0.03426544671655571,609760.0,1.0,True,True,True,True
launch_base·玩家篮子1·城市预算付15%·税2%,funding_at_coverage,5,1.0,0.0,0.0,1.0,1.0,,0.6005688556719508,8859774.0,0.30267616068267106,719,0.03289355456874631,623480.0,1.0,True,True,True,True
launch_base·玩家篮子1·城市预算付15%·税5%,funding_at_coverage,1,1.0,0.0,0.0,1.0,1.0,,0.5346882867772982,8737650.0,0.5261817924729845,778,0.023317637278646882,721240.0,1.0,True,True,True,True
launch_base·玩家篮子1·城市预算付15%·税5%,funding_at_coverage,2,1.0,0.0,0.0,1.0,1.0,,0.5353244321789041,8720420.0,0.5283785139013176,778,0.02232714201114803,731880.0,1.0,True,True,True,True
launch_base·玩家篮子1·城市预算付15%·税5%,funding_at_coverage,3,1.0,0.0,0.0,1.0,1.0,,0.5273398612645943,8803690.0,0.5266862620191752,754,0.02521098720361327,702200.0,1.0,True,True,True,True
launch_base·玩家篮子1·城市预算付15%·税5%,funding_at_coverage,4,1.0,0.0,0.0,1.0,1.0,,0.5364327220945473,8787512.0,0.526895009506801,810,0.023632962246214105,718480.0,1.0,True,True,True,True
launch_base·玩家篮子1·城市预算付15%·税5%,funding_at_coverage,5,1.0,0.0,0.0,1.0,1.0,,0.5435845578875274,8859774.0,0.5267325803888159,778,0.022793223262085056,726920.0,1.0,True,True,True,True
launch_base·玩家篮子1·城市预算付15%·税10%,funding_at_coverage,1,1.0,0.0,0.0,1.0,1.0,,0.4386702585061326,8737650.0,0.9008083157737807,875,0.009256900018344843,865120.0,1.0,True,True,True,True
launch_base·玩家篮子1·城市预算付15%·税10%,funding_at_coverage,2,1.0,0.0,0.0,1.0,1.0,,0.4386100799851431,8720420.0,0.9046589085691363,892,0.008915771136358665,868840.0,1.0,True,True,True,True
launch_base·玩家篮子1·城市预算付15%·税10%,funding_at_coverage,3,1.0,0.0,0.0,1.0,1.0,,0.43047361908886916,8803690.0,0.90161375075204,865,0.010698426540426726,850400.0,1.0,True,True,True,True
launch_base·玩家篮子1·城市预算付15%·税10%,funding_at_coverage,4,1.0,0.0,0.0,1.0,1.0,,0.43959414665522,8787512.0,0.9019517808894055,918,0.009787659422762955,859880.0,1.0,True,True,True,True
launch_base·玩家篮子1·城市预算付15%·税10%,funding_at_coverage,5,1.0,0.0,0.0,1.0,1.0,,0.4462517289671093,8859774.0,0.9018393150222004,890,0.009406995375773473,863760.0,1.0,True,True,True,True
launch_base·玩家篮子1·城市预算付15%·税20%,funding_at_coverage,1,1.0,0.0,0.0,1.0,1.0,,0.41921491109846554,8737650.0,1.0,937,0.006592098905159486,892480.0,1.0,True,True,True,True
launch_base·玩家篮子1·城市预算付15%·税20%,funding_at_coverage,2,1.0,0.0,0.0,1.0,1.0,,0.42042055903223163,8720420.0,1.0,960,0.006450173245106528,894120.0,1.0,True,True,True,True
launch_base·玩家篮子1·城市预算付15%·税20%,funding_at_coverage,3,1.0,0.0,0.0,1.0,1.0,,0.4118046532087116,8803690.0,1.0,927,0.0076166380100620825,882160.0,1.0,True,True,True,True
launch_base·玩家篮子1·城市预算付15%·税20%,funding_at_coverage,4,1.0,0.0,0.0,1.0,1.0,,0.42107338480739864,8787512.0,1.0,986,0.007013057190623393,888400.0,1.0,True,True,True,True
launch_base·玩家篮子1·城市预算付15%·税20%,funding_at_coverage,5,1.0,0.0,0.0,1.0,1.0,,0.4270215493355134,8859774.0,1.0,961,0.006854346601079526,889920.0,1.0,True,True,True,True
launch_base·玩家篮子1·城市预算付15%·税30%,funding_at_coverage,1,1.0,0.0,0.0,1.0,1.0,,0.41921491109846554,8737650.0,1.0,937,0.006592098905159486,892480.0,1.0,True,True,True,True
launch_base·玩家篮子1·城市预算付15%·税30%,funding_at_coverage,2,1.0,0.0,0.0,1.0,1.0,,0.42042055903223163,8720420.0,1.0,960,0.006450173245106528,894120.0,1.0,True,True,True,True
launch_base·玩家篮子1·城市预算付15%·税30%,funding_at_coverage,3,1.0,0.0,0.0,1.0,1.0,,0.4118046532087116,8803690.0,1.0,927,0.0076166380100620825,882160.0,1.0,True,True,True,True
launch_base·玩家篮子1·城市预算付15%·税30%,funding_at_coverage,4,1.0,0.0,0.0,1.0,1.0,,0.42107338480739864,8787512.0,1.0,986,0.007013057190623393,888400.0,1.0,True,True,True,True
launch_base·玩家篮子1·城市预算付15%·税30%,funding_at_coverage,5,1.0,0.0,0.0,1.0,1.0,,0.4270215493355134,8859774.0,1.0,961,0.006854346601079526,889920.0,1.0,True,True,True,True
launch_base·玩家篮子1·城市预算付10%·税2%,funding_at_coverage,1,1.0,0.0,0.0,1.0,1.0,,0.5934366634746999,8737650.0,0.46692095202158634,716,0.03273794926986253,624680.0,1.0,True,True,True,True
launch_base·玩家篮子1·城市预算付10%·税2%,funding_at_coverage,2,1.0,0.0,0.0,1.0,1.0,,0.5944103794975448,8720420.0,0.4687661348866099,721,0.031497537496838576,638200.0,1.0,True,True,True,True
launch_base·玩家篮子1·城市预算付10%·税2%,funding_at_coverage,3,1.0,0.0,0.0,1.0,1.0,,0.586442331434863,8803690.0,0.4674925856218097,688,0.03476394018301447,604400.0,1.0,True,True,True,True
launch_base·玩家篮子1·城市预算付10%·税2%,funding_at_coverage,4,1.0,0.0,0.0,1.0,1.0,,0.5957268683720487,8787512.0,0.4677054639397099,745,0.03301546510586517,622520.0,1.0,True,True,True,True
launch_base·玩家篮子1·城市预算付10%·税2%,funding_at_coverage,5,1.0,0.0,0.0,1.0,1.0,,0.6025396857125762,8859774.0,0.46746623232492973,716,0.03189133272467795,633920.0,1.0,True,True,True,True
launch_base·玩家篮子1·城市预算付10%·税5%,funding_at_coverage,1,1.0,0.0,0.0,1.0,1.0,,0.5398359064686298,8737650.0,0.8123619110677611,772,0.02131714256982552,741680.0,1.0,True,True,True,True
launch_base·玩家篮子1·城市预算付10%·税5%,funding_at_coverage,2,1.0,0.0,0.0,1.0,1.0,,0.5401947478438129,8720420.0,0.8156589763119766,777,0.02040918955322631,751400.0,1.0,True,True,True,True
launch_base·玩家篮子1·城市预算付10%·税5%,funding_at_coverage,3,1.0,0.0,0.0,1.0,1.0,,0.5317267174274716,8803690.0,0.813305006606401,761,0.02345355496798002,719840.0,1.0,True,True,True,True
launch_base·玩家篮子1·城市预算付10%·税5%,funding_at_coverage,4,1.0,0.0,0.0,1.0,1.0,,0.5413562853200706,8787512.0,0.8136332185278666,807,0.02176651137854061,737440.0,1.0,True,True,True,True
launch_base·玩家篮子1·城市预算付10%·税5%,funding_at_coverage,5,1.0,0.0,0.0,1.0,1.0,,0.5480258136595864,8859774.0,0.8134086187065824,778,0.020962646100166783,745680.0,1.0,True,True,True,True
launch_base·玩家篮子1·城市预算付10%·税10%,funding_at_coverage,1,1.0,0.0,0.0,1.0,1.0,,0.5172061306267182,8737650.0,1.0,828,0.015888594369904852,797280.0,1.0,True,True,True,True
launch_base·玩家篮子1·城市预算付10%·税10%,funding_at_coverage,2,1.0,0.0,0.0,1.0,1.0,,0.518441768915493,8720420.0,1.0,842,0.015188046186147745,805000.0,1.0,True,True,True,True
launch_base·玩家篮子1·城市预算付10%·税10%,funding_at_coverage,3,1.0,0.0,0.0,1.0,1.0,,0.5098504566718345,8803690.0,1.0,817,0.01760952389308868,779800.0,1.0,True,True,True,True
launch_base·玩家篮子1·城市预算付10%·税10%,funding_at_coverage,4,1.0,0.0,0.0,1.0,1.0,,0.5195358808480972,8787512.0,1.0,885,0.016274200181349986,793840.0,1.0,True,True,True,True
launch_base·玩家篮子1·城市预算付10%·税10%,funding_at_coverage,5,1.0,0.0,0.0,1.0,1.0,,0.5258033273154046,8859774.0,1.0,846,0.015463028952811372,801960.0,1.0,True,True,True,True
launch_base·玩家篮子1·城市预算付10%·税20%,funding_at_coverage,1,1.0,0.0,0.0,1.0,1.0,,0.5172061306267182,8737650.0,1.0,828,0.015888594369904852,797280.0,1.0,True,True,True,True
launch_base·玩家篮子1·城市预算付10%·税20%,funding_at_coverage,2,1.0,0.0,0.0,1.0,1.0,,0.518441768915493,8720420.0,1.0,842,0.015188046186147745,805000.0,1.0,True,True,True,True
launch_base·玩家篮子1·城市预算付10%·税20%,funding_at_coverage,3,1.0,0.0,0.0,1.0,1.0,,0.5098504566718345,8803690.0,1.0,817,0.01760952389308868,779800.0,1.0,True,True,True,True
launch_base·玩家篮子1·城市预算付10%·税20%,funding_at_coverage,4,1.0,0.0,0.0,1.0,1.0,,0.5195358808480972,8787512.0,1.0,885,0.016274200181349986,793840.0,1.0,True,True,True,True
launch_base·玩家篮子1·城市预算付10%·税20%,funding_at_coverage,5,1.0,0.0,0.0,1.0,1.0,,0.5258033273154046,8859774.0,1.0,846,0.015463028952811372,801960.0,1.0,True,True,True,True
launch_base·玩家篮子1·城市预算付10%·税30%,funding_at_coverage,1,1.0,0.0,0.0,1.0,1.0,,0.5172061306267182,8737650.0,1.0,828,0.015888594369904852,797280.0,1.0,True,True,True,True
launch_base·玩家篮子1·城市预算付10%·税30%,funding_at_coverage,2,1.0,0.0,0.0,1.0,1.0,,0.518441768915493,8720420.0,1.0,842,0.015188046186147745,805000.0,1.0,True,True,True,True
launch_base·玩家篮子1·城市预算付10%·税30%,funding_at_coverage,3,1.0,0.0,0.0,1.0,1.0,,0.5098504566718345,8803690.0,1.0,817,0.01760952389308868,779800.0,1.0,True,True,True,True
launch_base·玩家篮子1·城市预算付10%·税30%,funding_at_coverage,4,1.0,0.0,0.0,1.0,1.0,,0.5195358808480972,8787512.0,1.0,885,0.016274200181349986,793840.0,1.0,True,True,True,True
launch_base·玩家篮子1·城市预算付10%·税30%,funding_at_coverage,5,1.0,0.0,0.0,1.0,1.0,,0.5258033273154046,8859774.0,1.0,846,0.015463028952811372,801960.0,1.0,True,True,True,True
launch_base·玩家篮子1·城市预算付5%·税2%,funding_at_coverage,1,1.0,0.0,0.0,1.0,1.0,,0.5925499011245814,8737650.0,0.8779037342250797,738,0.025170876672389108,702320.0,1.0,True,True,True,True
launch_base·玩家篮子1·城市预算付5%·税2%,funding_at_coverage,2,1.0,0.0,0.0,1.0,1.0,,0.593154133357519,8720420.0,0.8810475138418354,738,0.02406983797180452,714000.0,1.0,True,True,True,True
launch_base·玩家篮子1·城市预算付5%·税2%,funding_at_coverage,3,1.0,0.0,0.0,1.0,1.0,,0.585054572587816,8803690.0,0.8796166511297256,704,0.02722565392709911,681520.0,1.0,True,True,True,True
launch_base·玩家篮子1·城市预算付5%·税2%,funding_at_coverage,4,1.0,0.0,0.0,1.0,1.0,,0.5947903958006315,8787512.0,0.8800334181836077,777,0.02552877702462708,699160.0,1.0,True,True,True,True
launch_base·玩家篮子1·城市预算付5%·税2%,funding_at_coverage,5,1.0,0.0,0.0,1.0,1.0,,0.6011710987607082,8859774.0,0.8797216549851525,741,0.024649356605832787,707920.0,1.0,True,True,True,True
launch_base·玩家篮子1·城市预算付5%·税5%,funding_at_coverage,1,1.0,0.0,0.0,1.0,1.0,,0.5871512142289943,8737650.0,1.0,779,0.022435769968961863,730280.0,1.0,True,True,True,True
launch_base·玩家篮子1·城市预算付5%·税5%,funding_at_coverage,2,1.0,0.0,0.0,1.0,1.0,,0.5881951462579305,8720420.0,1.0,789,0.021472820163911808,740480.0,1.0,True,True,True,True
launch_base·玩家篮子1·城市预算付5%·税5%,funding_at_coverage,3,1.0,0.0,0.0,1.0,1.0,,0.5801416229154945,8803690.0,1.0,749,0.024356001538700878,710840.0,1.0,True,True,True,True
launch_base·玩家篮子1·城市预算付5%·税5%,funding_at_coverage,4,1.0,0.0,0.0,1.0,1.0,,0.5898637298858049,8787512.0,1.0,815,0.02280141306913528,727080.0,1.0,True,True,True,True
launch_base·玩家篮子1·城市预算付5%·税5%,funding_at_coverage,5,1.0,0.0,0.0,1.0,1.0,,0.595997940028798,8859774.0,1.0,788,0.021971691290835677,735320.0,1.0,True,True,True,True
launch_base·玩家篮子1·城市预算付5%·税10%,funding_at_coverage,1,1.0,0.0,0.0,1.0,1.0,,0.5871512142289943,8737650.0,1.0,779,0.022435769968961863,730280.0,1.0,True,True,True,True
launch_base·玩家篮子1·城市预算付5%·税10%,funding_at_coverage,2,1.0,0.0,0.0,1.0,1.0,,0.5881951462579305,8720420.0,1.0,789,0.021472820163911808,740480.0,1.0,True,True,True,True
launch_base·玩家篮子1·城市预算付5%·税10%,funding_at_coverage,3,1.0,0.0,0.0,1.0,1.0,,0.5801416229154945,8803690.0,1.0,749,0.024356001538700878,710840.0,1.0,True,True,True,True
launch_base·玩家篮子1·城市预算付5%·税10%,funding_at_coverage,4,1.0,0.0,0.0,1.0,1.0,,0.5898637298858049,8787512.0,1.0,815,0.02280141306913528,727080.0,1.0,True,True,True,True
launch_base·玩家篮子1·城市预算付5%·税10%,funding_at_coverage,5,1.0,0.0,0.0,1.0,1.0,,0.595997940028798,8859774.0,1.0,788,0.021971691290835677,735320.0,1.0,True,True,True,True
launch_base·玩家篮子1·城市预算付5%·税20%,funding_at_coverage,1,1.0,0.0,0.0,1.0,1.0,,0.5871512142289943,8737650.0,1.0,779,0.022435769968961863,730280.0,1.0,True,True,True,True
launch_base·玩家篮子1·城市预算付5%·税20%,funding_at_coverage,2,1.0,0.0,0.0,1.0,1.0,,0.5881951462579305,8720420.0,1.0,789,0.021472820163911808,740480.0,1.0,True,True,True,True
launch_base·玩家篮子1·城市预算付5%·税20%,funding_at_coverage,3,1.0,0.0,0.0,1.0,1.0,,0.5801416229154945,8803690.0,1.0,749,0.024356001538700878,710840.0,1.0,True,True,True,True
launch_base·玩家篮子1·城市预算付5%·税20%,funding_at_coverage,4,1.0,0.0,0.0,1.0,1.0,,0.5898637298858049,8787512.0,1.0,815,0.02280141306913528,727080.0,1.0,True,True,True,True
launch_base·玩家篮子1·城市预算付5%·税20%,funding_at_coverage,5,1.0,0.0,0.0,1.0,1.0,,0.595997940028798,8859774.0,1.0,788,0.021971691290835677,735320.0,1.0,True,True,True,True
launch_base·玩家篮子1·城市预算付5%·税30%,funding_at_coverage,1,1.0,0.0,0.0,1.0,1.0,,0.5871512142289943,8737650.0,1.0,779,0.022435769968961863,730280.0,1.0,True,True,True,True
launch_base·玩家篮子1·城市预算付5%·税30%,funding_at_coverage,2,1.0,0.0,0.0,1.0,1.0,,0.5881951462579305,8720420.0,1.0,789,0.021472820163911808,740480.0,1.0,True,True,True,True
launch_base·玩家篮子1·城市预算付5%·税30%,funding_at_coverage,3,1.0,0.0,0.0,1.0,1.0,,0.5801416229154945,8803690.0,1.0,749,0.024356001538700878,710840.0,1.0,True,True,True,True
launch_base·玩家篮子1·城市预算付5%·税30%,funding_at_coverage,4,1.0,0.0,0.0,1.0,1.0,,0.5898637298858049,8787512.0,1.0,815,0.02280141306913528,727080.0,1.0,True,True,True,True
launch_base·玩家篮子1·城市预算付5%·税30%,funding_at_coverage,5,1.0,0.0,0.0,1.0,1.0,,0.595997940028798,8859774.0,1.0,788,0.021971691290835677,735320.0,1.0,True,True,True,True
steady_fresh20·玩家篮子1·无每日玩法,funding_at_coverage,1,1.0,0.0,0.0,1.0,1.0,,0.8007578541742106,14056450.0,,917,0.0,960000.0,1.0,True,True,True,True
steady_fresh20·玩家篮子1·无每日玩法,funding_at_coverage,2,1.0,0.0,0.0,1.0,1.0,,0.8001684556922353,13940698.0,,917,0.0,960000.0,1.0,True,True,True,True
steady_fresh20·玩家篮子1·无每日玩法,funding_at_coverage,3,1.0,0.0,0.0,1.0,1.0,,0.795713529198796,13966862.0,,917,0.0,960000.0,1.0,True,True,True,True
steady_fresh20·玩家篮子1·无每日玩法,funding_at_coverage,4,1.0,0.0,0.0,1.0,1.0,,0.8023158042630685,14022556.0,,932,0.0,960000.0,1.0,True,True,True,True
steady_fresh20·玩家篮子1·无每日玩法,funding_at_coverage,5,1.0,0.0,0.0,1.0,1.0,,0.8000190512221157,13986992.0,,917,0.0,960000.0,1.0,True,True,True,True
steady_fresh20·玩家篮子1·照单机发币,funding_at_coverage,1,2.3126,0.29383552290170156,0.9880671439809074,1.0,1.0,,3.515387122299299,50033843.0,1.0,3058,0.0,960000.0,1.0,True,False,False,True
steady_fresh20·玩家篮子1·照单机发币,funding_at_coverage,2,2.2164,0.29203597391403324,0.9610396509705224,1.0,1.0,,3.4653603373273754,50152924.0,1.0,3058,0.0,960000.0,1.0,True,False,False,True
steady_fresh20·玩家篮子1·照单机发币,funding_at_coverage,3,2.2928,0.2980477246785689,0.9944476991904558,1.0,1.0,,3.4894489344580624,50273291.0,1.0,3058,0.0,960000.0,1.0,True,False,False,True
steady_fresh20·玩家篮子1·照单机发币,funding_at_coverage,4,2.194,0.34620302134034264,0.9983284385218332,1.0,1.0,,3.491385311625441,50300998.0,1.0,3058,0.0,960000.0,1.0,True,False,False,True
steady_fresh20·玩家篮子1·照单机发币,funding_at_coverage,5,2.194,0.3276985307435196,0.9912157929113181,1.0,1.0,,3.4866681201831433,50170521.0,1.0,3058,0.0,960000.0,1.0,True,False,False,True
steady_fresh20·玩家篮子1·城市预算付100%·税2%,funding_at_coverage,1,1.0,0.0,0.0,1.0,1.0,,0.7019102410973415,13933052.0,0.04363583058332434,932,0.0,960000.0,1.0,True,True,True,True
steady_fresh20·玩家篮子1·城市预算付100%·税2%,funding_at_coverage,2,1.0,0.0,0.0,1.0,1.0,,0.6832603403696569,13959722.0,0.043501926135189696,917,0.0,960000.0,1.0,True,True,True,True
steady_fresh20·玩家篮子1·城市预算付100%·税2%,funding_at_coverage,3,1.0,0.0,0.0,1.0,1.0,,0.690732009791472,14010204.0,0.043435574031521366,932,0.0,960000.0,1.0,True,True,True,True
steady_fresh20·玩家篮子1·城市预算付100%·税2%,funding_at_coverage,4,1.0,0.0,0.0,1.0,1.0,,0.6917586440751238,14021782.0,0.043410364766427144,947,0.0,960000.0,1.0,True,True,True,True
steady_fresh20·玩家篮子1·城市预算付100%·税2%,funding_at_coverage,5,1.0,0.0,0.0,1.0,1.0,,0.6928788963802679,13970190.0,0.043514767862205456,932,0.0,960000.0,1.0,True,True,True,True
steady_fresh20·玩家篮子1·城市预算付100%·税5%,funding_at_coverage,1,1.0,0.0,0.0,1.0,1.0,,0.6340931691788854,13933052.0,0.07597706100123956,1010,0.0,960000.0,1.0,True,True,True,True
steady_fresh20·玩家篮子1·城市预算付100%·税5%,funding_at_coverage,2,1.0,0.0,0.0,1.0,1.0,,0.6145019142078261,13959722.0,0.07572383344253432,996,0.0,960000.0,1.0,True,True,True,True
steady_fresh20·玩家篮子1·城市预算付100%·税5%,funding_at_coverage,3,1.0,0.0,0.0,1.0,1.0,,0.6225494301817258,14010204.0,0.0756237327506067,996,0.0,960000.0,1.0,True,True,True,True
steady_fresh20·玩家篮子1·城市预算付100%·税5%,funding_at_coverage,4,1.0,0.0,0.0,1.0,1.0,,0.6231015727799107,14021782.0,0.07557398704536504,998,0.0,960000.0,1.0,True,True,True,True
steady_fresh20·玩家篮子1·城市预算付100%·税5%,funding_at_coverage,5,1.0,0.0,0.0,1.0,1.0,,0.6246929510478172,13970190.0,0.07576408624550975,1010,0.0,960000.0,1.0,True,True,True,True
steady_fresh20·玩家篮子1·城市预算付100%·税10%,funding_at_coverage,1,1.0,0.0,0.0,1.0,1.0,,0.5211646552702549,13933052.0,0.13018728592401202,1126,0.0,960000.0,1.0,True,True,True,True
steady_fresh20·玩家篮子1·城市预算付100%·税10%,funding_at_coverage,2,1.0,0.0,0.0,1.0,1.0,,0.4998574813509957,13959722.0,0.1297260463442831,1098,0.0,960000.0,1.0,True,True,True,True
steady_fresh20·玩家篮子1·城市预算付100%·税10%,funding_at_coverage,3,1.0,0.0,0.0,1.0,1.0,,0.5086533213731836,14010204.0,0.12957440716506016,1096,0.0,960000.0,1.0,True,True,True,True
steady_fresh20·玩家篮子1·城市预算付100%·税10%,funding_at_coverage,4,1.0,0.0,0.0,1.0,1.0,,0.5086404275497218,14021782.0,0.12948151911551783,1098,0.0,960000.0,1.0,True,True,True,True
steady_fresh20·玩家篮子1·城市预算付100%·税10%,funding_at_coverage,5,1.0,0.0,0.0,1.0,1.0,,0.5095989785302184,13970190.0,0.1298203599298581,1092,0.0,960000.0,1.0,True,True,True,True
steady_fresh20·玩家篮子1·城市预算付100%·税20%,funding_at_coverage,1,1.1034000000000002,0.007316495970339565,0.0012466666666666182,0.6409815388143562,0.9095890410958904,,0.2964700128088029,13933052.0,0.23462073171748507,1310,0.0,960000.0,1.0,False,True,True,True
steady_fresh20·玩家篮子1·城市预算付100%·税20%,funding_at_coverage,2,1.025,0.0011054433094042082,0.0,0.6396914930355704,0.9095890410958904,,0.2708663512794258,13959722.0,0.23363072435536375,1271,0.0,960000.0,1.0,False,True,True,True
steady_fresh20·玩家篮子1·城市预算付100%·税20%,funding_at_coverage,3,1.0704,0.005371750289782984,0.0001666666666666483,0.6460706477965712,0.915068493150685,,0.28001529242025525,14010204.0,0.23378227562369414,1298,0.0,960000.0,1.0,False,True,True,True
steady_fresh20·玩家篮子1·城市预算付100%·税20%,funding_at_coverage,4,1.0188000000000001,0.0008333333333332416,0.0,0.649193086871924,0.9123287671232877,,0.2798222955940006,14021782.0,0.23346386537129138,1277,0.0,960000.0,1.0,False,True,True,True
steady_fresh20·玩家篮子1·城市预算付100%·税20%,funding_at_coverage,5,1.0672000000000001,0.00825401007871951,0.0,0.6331531116990682,0.915068493150685,,0.2813677696558621,13970190.0,0.2342361731443837,1276,0.0,960000.0,1.0,False,True,True,True
steady_fresh20·玩家篮子1·城市预算付100%·税30%,funding_at_coverage,1,1.0574,0.008898065203636563,0.0,0.423258491652274,0.3863013698630137,,0.2529294056607343,13933052.0,0.24165836144698324,1211,0.0,960000.0,1.0,False,True,True,True
steady_fresh20·玩家篮子1·城市预算付100%·税30%,funding_at_coverage,2,1.0231999999999999,0.0011799999999999589,0.0,0.42520409336552834,0.3863013698630137,,0.2272033653313592,13959722.0,0.24035019062419513,1178,0.0,960000.0,1.0,False,True,True,True
steady_fresh20·玩家篮子1·城市预算付100%·税30%,funding_at_coverage,3,1.0692,0.005447949902691485,0.0,0.4212952293155105,0.3863013698630137,,0.2365280802338714,14010204.0,0.24066561128676112,1192,0.0,960000.0,1.0,False,True,True,True
steady_fresh20·玩家篮子1·城市预算付100%·税30%,funding_at_coverage,4,1.0442,0.002646666666666686,0.0,0.42389431361286617,0.3863013698630137,,0.2351619387801971,14021782.0,0.24024904507307987,1191,0.0,960000.0,1.0,False,True,True,True
steady_fresh20·玩家篮子1·城市预算付100%·税30%,funding_at_coverage,5,1.0816000000000001,0.011563550108717235,0.0,0.4212952293155105,0.3863013698630137,,0.23652592182243182,13970190.0,0.2411493419770112,1184,0.0,960000.0,1.0,False,True,True,True
steady_fresh20·玩家篮子1·城市预算付50%·税2%,funding_at_coverage,1,1.0,0.0,0.0,1.0,1.0,,0.7033829832080376,13933052.0,0.08789041631518404,963,0.0,960000.0,1.0,True,True,True,True
steady_fresh20·玩家篮子1·城市预算付50%·税2%,funding_at_coverage,2,1.0,0.0,0.0,1.0,1.0,,0.6846232509381915,13959722.0,0.08762038972373097,947,0.0,960000.0,1.0,True,True,True,True
steady_fresh20·玩家篮子1·城市预算付50%·税2%,funding_at_coverage,3,1.0,0.0,0.0,1.0,1.0,,0.6923282574746432,14010204.0,0.0874867574794517,948,0.0,960000.0,1.0,True,True,True,True
steady_fresh20·玩家篮子1·城市预算付50%·税2%,funding_at_coverage,4,1.0,0.0,0.0,1.0,1.0,,0.6931709307258132,14021782.0,0.0874362189944809,956,0.0,960000.0,1.0,True,True,True,True
steady_fresh20·玩家篮子1·城市预算付50%·税2%,funding_at_coverage,5,1.0,0.0,0.0,1.0,1.0,,0.6944537974084932,13970190.0,0.08764659395904163,948,0.0,960000.0,1.0,True,True,True,True
steady_fresh20·玩家篮子1·城市预算付50%·税5%,funding_at_coverage,1,1.0,0.0,0.0,1.0,1.0,,0.6364317215139248,13933052.0,0.15302199919019743,1023,0.0,960000.0,1.0,True,True,True,True
steady_fresh20·玩家篮子1·城市预算付50%·税5%,funding_at_coverage,2,1.0,0.0,0.0,1.0,1.0,,0.6168692097577317,13959722.0,0.152513332176522,1008,0.0,960000.0,1.0,True,True,True,True
steady_fresh20·玩家篮子1·城市预算付50%·税5%,funding_at_coverage,3,1.0,0.0,0.0,1.0,1.0,,0.6250185076110861,14010204.0,0.15230894069333736,1008,0.0,960000.0,1.0,True,True,True,True
steady_fresh20·玩家篮子1·城市预算付50%·税5%,funding_at_coverage,4,1.0,0.0,0.0,1.0,1.0,,0.6255223461196566,14021782.0,0.1522106381031991,1008,0.0,960000.0,1.0,True,True,True,True
steady_fresh20·玩家篮子1·城市预算付50%·税5%,funding_at_coverage,5,1.0,0.0,0.0,1.0,1.0,,0.6266500925538097,13970190.0,0.15259748768483047,1008,0.0,960000.0,1.0,True,True,True,True
steady_fresh20·玩家篮子1·城市预算付50%·税10%,funding_at_coverage,1,1.0,0.0,0.0,1.0,1.0,,0.5256827308151695,13933052.0,0.26219648653701827,1130,0.0,960000.0,1.0,True,True,True,True
steady_fresh20·玩家篮子1·城市预算付50%·税10%,funding_at_coverage,2,1.0,0.0,0.0,1.0,1.0,,0.5038575948255599,13959722.0,0.26126803070232213,1126,0.0,960000.0,1.0,True,True,True,True
steady_fresh20·玩家篮子1·城市预算付50%·税10%,funding_at_coverage,3,1.0,0.0,0.0,1.0,1.0,,0.5123312024813709,14010204.0,0.26095373698056035,1138,0.0,960000.0,1.0,True,True,True,True
steady_fresh20·玩家篮子1·城市预算付50%·税10%,funding_at_coverage,4,1.0,0.0,0.0,1.0,1.0,,0.5125430616385984,14021782.0,0.2607610459729579,1127,0.0,960000.0,1.0,True,True,True,True
steady_fresh20·玩家篮子1·城市预算付50%·税10%,funding_at_coverage,5,1.0,0.0,0.0,1.0,1.0,,0.514036291902555,13970190.0,0.2614617890473626,1127,0.0,960000.0,1.0,True,True,True,True
steady_fresh20·玩家篮子1·城市预算付50%·税20%,funding_at_coverage,1,1.0976000000000001,0.006709405112686362,0.0008133333333333326,0.6831455507013107,0.9534246575342465,,0.3030404693318345,13933052.0,0.4788868556723032,1361,0.0,960000.0,1.0,False,True,True,True
steady_fresh20·玩家篮子1·城市预算付50%·税20%,funding_at_coverage,2,1.0184,0.0008126723598139707,0.0,0.6782548635892713,0.9506849315068493,,0.2768900944810835,13959722.0,0.47689757222103435,1342,0.0,960000.0,1.0,False,True,True,True
steady_fresh20·玩家篮子1·城市预算付50%·税20%,funding_at_coverage,3,1.0635999999999999,0.004568753439826989,0.0,0.6924404556437694,0.9561643835616438,,0.2865530722634404,14010204.0,0.47715321176218545,1348,0.0,960000.0,1.0,False,True,True,True
steady_fresh20·玩家篮子1·城市预算付50%·税20%,funding_at_coverage,4,1.0134,0.0004933333333332346,0.0,0.6943931702814952,0.9561643835616438,,0.28675403732413973,14021782.0,0.4765459343162241,1326,0.0,960000.0,1.0,False,True,True,True
steady_fresh20·玩家篮子1·城市预算付50%·税20%,funding_at_coverage,5,1.0596,0.006616300820262655,0.0,0.6796417499138822,0.9561643835616438,,0.28772749996622116,13970190.0,0.4779834264272774,1336,0.0,960000.0,1.0,False,True,True,True
steady_fresh20·玩家篮子1·城市预算付50%·税30%,funding_at_coverage,1,1.0710000000000002,0.010988937935435539,0.0,0.429706390328152,0.3972602739726027,,0.2535682244404931,13933052.0,0.4936504370082789,1222,0.0,960000.0,1.0,False,True,True,True
steady_fresh20·玩家篮子1·城市预算付50%·税30%,funding_at_coverage,2,1.0352000000000001,0.0025999999999999357,0.0,0.4322180062090376,0.4,,0.22778829969172754,13959722.0,0.49097470111471275,1201,0.0,960000.0,1.0,False,True,True,True
steady_fresh20·玩家篮子1·城市预算付50%·税30%,funding_at_coverage,3,1.0821999999999998,0.007644523075501342,0.0,0.4284397326572943,0.3972602739726027,,0.23706790807256062,14010204.0,0.49166278734110297,1224,0.0,960000.0,1.0,False,True,True,True
steady_fresh20·玩家篮子1·城市预算付50%·税30%,funding_at_coverage,4,1.0538,0.0035400000000000986,0.0,0.43009764503159104,0.4,,0.23648560288995935,14021782.0,0.4907669665913672,1215,0.0,960000.0,1.0,False,True,True,True
steady_fresh20·玩家篮子1·城市预算付50%·税30%,funding_at_coverage,5,1.0946,0.013900938559823106,0.0,0.4280940308826919,0.3972602739726027,,0.23813730391428312,13970190.0,0.4926047777733203,1210,0.0,960000.0,1.0,False,True,True,True
steady_fresh20·玩家篮子1·城市预算付25%·税2%,funding_at_coverage,1,1.0,0.0,0.0,1.0,1.0,,0.702445157245621,13933052.0,0.17796390461336062,971,0.0,960000.0,1.0,True,True,True,True
steady_fresh20·玩家篮子1·城市预算付25%·税2%,funding_at_coverage,2,1.0,0.0,0.0,1.0,1.0,,0.6837566564989854,13959722.0,0.1774633604041485,948,0.0,960000.0,1.0,True,True,True,True
steady_fresh20·玩家篮子1·城市预算付25%·税2%,funding_at_coverage,3,1.0,0.0,0.0,1.0,1.0,,0.6918720516159711,14010204.0,0.17717467873319656,955,0.0,960000.0,1.0,True,True,True,True
steady_fresh20·玩家篮子1·城市预算付25%·税2%,funding_at_coverage,4,1.0,0.0,0.0,1.0,1.0,,0.6920797656906479,14021782.0,0.1770851510512331,963,0.0,960000.0,1.0,True,True,True,True
steady_fresh20·玩家篮子1·城市预算付25%·税2%,funding_at_coverage,5,1.0,0.0,0.0,1.0,1.0,,0.6933954412181973,13970190.0,0.1774810297670959,948,0.0,960000.0,1.0,True,True,True,True
steady_fresh20·玩家篮子1·城市预算付25%·税5%,funding_at_coverage,1,1.0,0.0,0.0,1.0,1.0,,0.6349008804025316,13933052.0,0.3098627730049263,1036,0.0,960000.0,1.0,True,True,True,True
steady_fresh20·玩家篮子1·城市预算付25%·税5%,funding_at_coverage,2,1.0,0.0,0.0,1.0,1.0,,0.6149436544753557,13959722.0,0.30890888963974983,1015,0.0,960000.0,1.0,True,True,True,True
steady_fresh20·玩家篮子1·城市预算付25%·税5%,funding_at_coverage,3,1.0,0.0,0.0,1.0,1.0,,0.6231104674725358,14010204.0,0.30846348351034925,1038,0.0,960000.0,1.0,True,True,True,True
steady_fresh20·玩家篮子1·城市预算付25%·税5%,funding_at_coverage,4,1.0,0.0,0.0,1.0,1.0,,0.6233587943011383,14021782.0,0.30828240724916395,1030,0.0,960000.0,1.0,True,True,True,True
steady_fresh20·玩家篮子1·城市预算付25%·税5%,funding_at_coverage,5,1.0,0.0,0.0,1.0,1.0,,0.6248138790179838,13970190.0,0.3090196947029808,1016,0.0,960000.0,1.0,True,True,True,True
steady_fresh20·玩家篮子1·城市预算付25%·税10%,funding_at_coverage,1,1.0,0.0,0.0,1.0,1.0,,0.5223227169795006,13933052.0,0.5309564205417663,1155,0.0,960000.0,1.0,True,True,True,True
steady_fresh20·玩家篮子1·城市预算付25%·税10%,funding_at_coverage,2,1.0,0.0,0.0,1.0,1.0,,0.5002004717299737,13959722.0,0.5292087776793243,1148,0.0,960000.0,1.0,True,True,True,True
steady_fresh20·玩家篮子1·城市预算付25%·税10%,funding_at_coverage,3,1.0,0.0,0.0,1.0,1.0,,0.5090413057457353,14010204.0,0.5285411838886833,1151,0.0,960000.0,1.0,True,True,True,True
steady_fresh20·玩家篮子1·城市预算付25%·税10%,funding_at_coverage,4,1.0,0.0,0.0,1.0,1.0,,0.5092738895838793,14021782.0,0.5281820107542937,1149,0.0,960000.0,1.0,True,True,True,True
steady_fresh20·玩家篮子1·城市预算付25%·税10%,funding_at_coverage,5,1.0,0.0,0.0,1.0,1.0,,0.5104053451513964,13970190.0,0.529489554190373,1141,0.0,960000.0,1.0,True,True,True,True
steady_fresh20·玩家篮子1·城市预算付25%·税20%,funding_at_coverage,1,1.1406,0.020210442723843425,0.002306666666666679,0.6381148950808394,0.9068493150684932,,0.3011468472509715,13933052.0,0.9555674269653186,1335,0.0,960000.0,1.0,False,True,True,True
steady_fresh20·玩家篮子1·城市预算付25%·税20%,funding_at_coverage,2,1.0615999999999999,0.0034196320077556353,4.0000000000040004e-05,0.63784966041211,0.9068493150684932,,0.2747505585920509,13959722.0,0.9519192298060427,1327,0.0,960000.0,1.0,False,True,True,True
steady_fresh20·玩家篮子1·城市预算付25%·税20%,funding_at_coverage,3,1.1084,0.014194654590193867,0.0014866666666666362,0.6436543550799678,0.9095890410958904,,0.28454249725763137,14010204.0,0.952396623978061,1334,0.0,960000.0,1.0,False,True,True,True
steady_fresh20·玩家篮子1·城市预算付25%·税20%,funding_at_coverage,4,1.0635999999999999,0.0057452244476509096,0.0,0.6464437550270021,0.9095890410958904,,0.2848051519957635,14021782.0,0.9513315589408334,1324,0.0,960000.0,1.0,False,True,True,True
steady_fresh20·玩家篮子1·城市预算付25%·税20%,funding_at_coverage,5,1.1019999999999999,0.02297437524372281,0.00035999999999991594,0.6307373748993443,0.9095890410958904,,0.2864160732864034,13970190.0,0.953967956577536,1324,0.0,960000.0,1.0,False,True,True,True
steady_fresh20·玩家篮子1·城市预算付25%·税30%,funding_at_coverage,1,1.153,0.020210442723843425,0.0040599999999999525,0.43008401427091725,0.5342465753424658,,0.2957048624810166,13933052.0,0.9758864028841425,1379,0.0,960000.0,1.0,False,True,True,True
steady_fresh20·玩家篮子1·城市预算付25%·税30%,funding_at_coverage,2,1.0615999999999999,0.0031606695838674037,0.0010466666666666402,0.42944361248704066,0.5315068493150685,,0.26832411577647663,13959722.0,0.9714873966191874,1357,0.0,960000.0,1.0,False,True,True,True
steady_fresh20·玩家篮子1·城市预算付25%·税30%,funding_at_coverage,3,1.1084,0.013314925802821342,0.004546666666666699,0.4326338722623552,0.5342465753424658,,0.2778263959061704,14010204.0,0.9724809379203423,1367,0.0,960000.0,1.0,False,True,True,True
steady_fresh20·玩家篮子1·城市预算付25%·税30%,funding_at_coverage,4,1.0635999999999999,0.004731996902693103,0.0,0.4340273783503969,0.5315068493150685,,0.27807686384281394,14021782.0,0.9711141388919372,1357,0.0,960000.0,1.0,False,True,True,True
steady_fresh20·玩家篮子1·城市预算付25%·税30%,funding_at_coverage,5,1.1019999999999999,0.02297437524372281,0.0027733333333332943,0.4235999078128601,0.5342465753424658,,0.2801043088189594,13970190.0,0.9741810153351518,1366,0.0,960000.0,1.0,False,True,True,True
steady_fresh20·玩家篮子1·城市预算付15%·税2%,funding_at_coverage,1,1.0,0.0,0.0,1.0,1.0,,0.7060518891633203,13933052.0,0.28450278361422315,974,0.0,960000.0,1.0,True,True,True,True
steady_fresh20·玩家篮子1·城市预算付15%·税2%,funding_at_coverage,2,1.0,0.0,0.0,1.0,1.0,,0.6873239455646305,13959722.0,0.2835194283322973,959,0.0,960000.0,1.0,True,True,True,True
steady_fresh20·玩家篮子1·城市预算付15%·税2%,funding_at_coverage,3,1.0,0.0,0.0,1.0,1.0,,0.6953086583197792,14010204.0,0.28313466548701455,959,0.0,960000.0,1.0,True,True,True,True
steady_fresh20·玩家篮子1·城市预算付15%·税2%,funding_at_coverage,4,1.0,0.0,0.0,1.0,1.0,,0.6956308817132251,14021782.0,0.28292230749331726,960,0.0,960000.0,1.0,True,True,True,True
steady_fresh20·玩家篮子1·城市预算付15%·税2%,funding_at_coverage,5,1.0,0.0,0.0,1.0,1.0,,0.6968488467930443,13970190.0,0.28368686273853017,958,0.0,960000.0,1.0,True,True,True,True
steady_fresh20·玩家篮子1·城市预算付15%·税5%,funding_at_coverage,1,1.0,0.0,0.0,1.0,1.0,,0.6408708905090554,13933052.0,0.4953355995236449,1040,0.0,960000.0,1.0,True,True,True,True
steady_fresh20·玩家篮子1·城市预算付15%·税5%,funding_at_coverage,2,1.0,0.0,0.0,1.0,1.0,,0.6208604073736852,13959722.0,0.4934878154713586,1026,0.0,960000.0,1.0,True,True,True,True
steady_fresh20·玩家篮子1·城市预算付15%·税5%,funding_at_coverage,3,1.0,0.0,0.0,1.0,1.0,,0.6291359782555834,14010204.0,0.4929197504611536,1040,0.0,960000.0,1.0,True,True,True,True
steady_fresh20·玩家篮子1·城市预算付15%·税5%,funding_at_coverage,4,1.0,0.0,0.0,1.0,1.0,,0.6294513237992052,14021782.0,0.49250308987956654,1027,0.0,960000.0,1.0,True,True,True,True
steady_fresh20·玩家篮子1·城市预算付15%·税5%,funding_at_coverage,5,1.0,0.0,0.0,1.0,1.0,,0.6307979894880491,13970190.0,0.49389972234138,1026,0.0,960000.0,1.0,True,True,True,True
steady_fresh20·玩家篮子1·城市预算付15%·税10%,funding_at_coverage,1,1.0,0.0,0.0,1.0,1.0,,0.5325151732971589,13933052.0,0.8486243386816725,1161,0.0,960000.0,1.0,True,True,True,True
steady_fresh20·玩家篮子1·城市预算付15%·税10%,funding_at_coverage,2,1.0,0.0,0.0,1.0,1.0,,0.5104153439224914,13959722.0,0.8452817318863493,1138,0.0,960000.0,1.0,True,True,True,True
steady_fresh20·玩家篮子1·城市预算付15%·税10%,funding_at_coverage,3,1.0,0.0,0.0,1.0,1.0,,0.5194879741055556,14010204.0,0.844441045135355,1149,0.0,960000.0,1.0,True,True,True,True
steady_fresh20·玩家篮子1·城市预算付15%·税10%,funding_at_coverage,4,1.0,0.0,0.0,1.0,1.0,,0.5198101099946233,14021782.0,0.8436700583484235,1149,0.0,960000.0,1.0,True,True,True,True
steady_fresh20·玩家篮子1·城市预算付15%·税10%,funding_at_coverage,5,1.0,0.0,0.0,1.0,1.0,,0.5212584615800353,13970190.0,0.8461440244688234,1148,0.0,960000.0,1.0,True,True,True,True
steady_fresh20·玩家篮子1·城市预算付15%·税20%,funding_at_coverage,1,1.0,0.0,0.0,1.0,1.0,,0.4949844348723713,13933052.0,1.0,1242,0.0,960000.0,1.0,True,True,True,True
steady_fresh20·玩家篮子1·城市预算付15%·税20%,funding_at_coverage,2,1.0,0.0,0.0,1.0,1.0,,0.4709638853690761,13959722.0,1.0,1242,0.0,960000.0,1.0,True,True,True,True
steady_fresh20·玩家篮子1·城市预算付15%·税20%,funding_at_coverage,3,1.0,0.0,0.0,1.0,1.0,,0.47996611891342766,14010204.0,1.0,1242,0.0,960000.0,1.0,True,True,True,True
steady_fresh20·玩家篮子1·城市预算付15%·税20%,funding_at_coverage,4,1.0,0.0,0.0,1.0,1.0,,0.4800814084499432,14021782.0,1.0,1242,0.0,960000.0,1.0,True,True,True,True
steady_fresh20·玩家篮子1·城市预算付15%·税20%,funding_at_coverage,5,1.0,0.0,0.0,1.0,1.0,,0.4821323857264461,13970190.0,1.0,1242,0.0,960000.0,1.0,True,True,True,True
steady_fresh20·玩家篮子1·城市预算付15%·税30%,funding_at_coverage,1,1.0,0.0,0.0,1.0,1.0,,0.4949844348723713,13933052.0,1.0,1242,0.0,960000.0,1.0,True,True,True,True
steady_fresh20·玩家篮子1·城市预算付15%·税30%,funding_at_coverage,2,1.0,0.0,0.0,1.0,1.0,,0.4709638853690761,13959722.0,1.0,1242,0.0,960000.0,1.0,True,True,True,True
steady_fresh20·玩家篮子1·城市预算付15%·税30%,funding_at_coverage,3,1.0,0.0,0.0,1.0,1.0,,0.47996611891342766,14010204.0,1.0,1242,0.0,960000.0,1.0,True,True,True,True
steady_fresh20·玩家篮子1·城市预算付15%·税30%,funding_at_coverage,4,1.0,0.0,0.0,1.0,1.0,,0.4800814084499432,14021782.0,1.0,1242,0.0,960000.0,1.0,True,True,True,True
steady_fresh20·玩家篮子1·城市预算付15%·税30%,funding_at_coverage,5,1.0,0.0,0.0,1.0,1.0,,0.4821323857264461,13970190.0,1.0,1242,0.0,960000.0,1.0,True,True,True,True
steady_fresh20·玩家篮子1·城市预算付10%·税2%,funding_at_coverage,1,1.0,0.0,0.0,1.0,1.0,,0.7054611709515806,13933052.0,0.44581406813611374,971,0.0,960000.0,1.0,True,True,True,True
steady_fresh20·玩家篮子1·城市预算付10%·税2%,funding_at_coverage,2,1.0,0.0,0.0,1.0,1.0,,0.6866598491869007,13959722.0,0.4444404299521272,956,0.0,960000.0,1.0,True,True,True,True
steady_fresh20·玩家篮子1·城市预算付10%·税2%,funding_at_coverage,3,1.0,0.0,0.0,1.0,1.0,,0.6946861541454348,14010204.0,0.4437636321325881,965,0.0,960000.0,1.0,True,True,True,True
steady_fresh20·玩家篮子1·城市预算付10%·税2%,funding_at_coverage,4,1.0,0.0,0.0,1.0,1.0,,0.6950305180365783,14021782.0,0.4434921670135979,962,0.0,960000.0,1.0,True,True,True,True
steady_fresh20·玩家篮子1·城市预算付10%·税2%,funding_at_coverage,5,1.0,0.0,0.0,1.0,1.0,,0.6962297496318115,13970190.0,0.4445706906079063,956,0.0,960000.0,1.0,True,True,True,True
steady_fresh20·玩家篮子1·城市预算付10%·税5%,funding_at_coverage,1,1.0,0.0,0.0,1.0,1.0,,0.6403658345448551,13933052.0,0.7761450587988252,1040,0.0,960000.0,1.0,True,True,True,True
steady_fresh20·玩家篮子1·城市预算付10%·税5%,funding_at_coverage,2,1.0,0.0,0.0,1.0,1.0,,0.6203261313008779,13959722.0,0.7735463146960527,1031,0.0,960000.0,1.0,True,True,True,True
steady_fresh20·玩家篮子1·城市预算付10%·税5%,funding_at_coverage,3,1.0,0.0,0.0,1.0,1.0,,0.628840937214618,14010204.0,0.772539539171234,1032,0.0,960000.0,1.0,True,True,True,True
steady_fresh20·玩家篮子1·城市预算付10%·税5%,funding_at_coverage,4,1.0,0.0,0.0,1.0,1.0,,0.629174918740155,14021782.0,0.771998594252656,1035,0.0,960000.0,1.0,True,True,True,True
steady_fresh20·玩家篮子1·城市预算付10%·税5%,funding_at_coverage,5,1.0,0.0,0.0,1.0,1.0,,0.6305080325897501,13970190.0,0.7739741182194663,1030,0.0,960000.0,1.0,True,True,True,True
steady_fresh20·玩家篮子1·城市预算付10%·税10%,funding_at_coverage,1,1.0,0.0,0.0,1.0,1.0,,0.6057385599014209,13933052.0,1.0,1128,0.0,960000.0,1.0,True,True,True,True
steady_fresh20·玩家篮子1·城市预算付10%·税10%,funding_at_coverage,2,1.0,0.0,0.0,1.0,1.0,,0.584123692678459,13959722.0,1.0,1128,0.0,960000.0,1.0,True,True,True,True
steady_fresh20·玩家篮子1·城市预算付10%·税10%,funding_at_coverage,3,1.0,0.0,0.0,1.0,1.0,,0.5926757142316774,14010204.0,1.0,1128,0.0,960000.0,1.0,True,True,True,True
steady_fresh20·玩家篮子1·城市预算付10%·税10%,funding_at_coverage,4,1.0,0.0,0.0,1.0,1.0,,0.5929458618947392,14021782.0,1.0,1128,0.0,960000.0,1.0,True,True,True,True
steady_fresh20·玩家篮子1·城市预算付10%·税10%,funding_at_coverage,5,1.0,0.0,0.0,1.0,1.0,,0.5946098552917809,13970190.0,1.0,1128,0.0,960000.0,1.0,True,True,True,True
steady_fresh20·玩家篮子1·城市预算付10%·税20%,funding_at_coverage,1,1.0,0.0,0.0,1.0,1.0,,0.6057385599014209,13933052.0,1.0,1128,0.0,960000.0,1.0,True,True,True,True
steady_fresh20·玩家篮子1·城市预算付10%·税20%,funding_at_coverage,2,1.0,0.0,0.0,1.0,1.0,,0.584123692678459,13959722.0,1.0,1128,0.0,960000.0,1.0,True,True,True,True
steady_fresh20·玩家篮子1·城市预算付10%·税20%,funding_at_coverage,3,1.0,0.0,0.0,1.0,1.0,,0.5926757142316774,14010204.0,1.0,1128,0.0,960000.0,1.0,True,True,True,True
steady_fresh20·玩家篮子1·城市预算付10%·税20%,funding_at_coverage,4,1.0,0.0,0.0,1.0,1.0,,0.5929458618947392,14021782.0,1.0,1128,0.0,960000.0,1.0,True,True,True,True
steady_fresh20·玩家篮子1·城市预算付10%·税20%,funding_at_coverage,5,1.0,0.0,0.0,1.0,1.0,,0.5946098552917809,13970190.0,1.0,1128,0.0,960000.0,1.0,True,True,True,True
steady_fresh20·玩家篮子1·城市预算付10%·税30%,funding_at_coverage,1,1.0,0.0,0.0,1.0,1.0,,0.6057385599014209,13933052.0,1.0,1128,0.0,960000.0,1.0,True,True,True,True
steady_fresh20·玩家篮子1·城市预算付10%·税30%,funding_at_coverage,2,1.0,0.0,0.0,1.0,1.0,,0.584123692678459,13959722.0,1.0,1128,0.0,960000.0,1.0,True,True,True,True
steady_fresh20·玩家篮子1·城市预算付10%·税30%,funding_at_coverage,3,1.0,0.0,0.0,1.0,1.0,,0.5926757142316774,14010204.0,1.0,1128,0.0,960000.0,1.0,True,True,True,True
steady_fresh20·玩家篮子1·城市预算付10%·税30%,funding_at_coverage,4,1.0,0.0,0.0,1.0,1.0,,0.5929458618947392,14021782.0,1.0,1128,0.0,960000.0,1.0,True,True,True,True
steady_fresh20·玩家篮子1·城市预算付10%·税30%,funding_at_coverage,5,1.0,0.0,0.0,1.0,1.0,,0.5946098552917809,13970190.0,1.0,1128,0.0,960000.0,1.0,True,True,True,True
steady_fresh20·玩家篮子1·城市预算付5%·税2%,funding_at_coverage,1,1.0,0.0,0.0,1.0,1.0,,0.7006688140777932,13933052.0,0.8826072659581798,977,0.0,960000.0,1.0,True,True,True,True
steady_fresh20·玩家篮子1·城市预算付5%·税2%,funding_at_coverage,2,1.0,0.0,0.0,1.0,1.0,,0.6814242138509214,13959722.0,0.8810689416327522,967,0.0,960000.0,1.0,True,True,True,True
steady_fresh20·玩家篮子1·城市预算付5%·税2%,funding_at_coverage,3,1.0,0.0,0.0,1.0,1.0,,0.6896279024527312,14010204.0,0.8792465382247738,972,0.0,960000.0,1.0,True,True,True,True
steady_fresh20·玩家篮子1·城市预算付5%·税2%,funding_at_coverage,4,1.0,0.0,0.0,1.0,1.0,,0.6901976174586406,14021782.0,0.8791626108466766,967,0.0,960000.0,1.0,True,True,True,True
steady_fresh20·玩家篮子1·城市预算付5%·税2%,funding_at_coverage,5,1.0,0.0,0.0,1.0,1.0,,0.6911617192039021,13970190.0,0.8804443130577454,967,0.0,960000.0,1.0,True,True,True,True
steady_fresh20·玩家篮子1·城市预算付5%·税5%,funding_at_coverage,1,1.0,0.0,0.0,1.0,1.0,,0.694959303676721,13933052.0,1.0,1034,0.0,960000.0,1.0,True,True,True,True
steady_fresh20·玩家篮子1·城市预算付5%·税5%,funding_at_coverage,2,1.0,0.0,0.0,1.0,1.0,,0.6754605851505024,13959722.0,1.0,1034,0.0,960000.0,1.0,True,True,True,True
steady_fresh20·玩家篮子1·城市预算付5%·税5%,funding_at_coverage,3,1.0,0.0,0.0,1.0,1.0,,0.6835241733717354,14010204.0,1.0,1034,0.0,960000.0,1.0,True,True,True,True
steady_fresh20·玩家篮子1·城市预算付5%·税5%,funding_at_coverage,4,1.0,0.0,0.0,1.0,1.0,,0.6840390263408889,14021782.0,1.0,1034,0.0,960000.0,1.0,True,True,True,True
steady_fresh20·玩家篮子1·城市预算付5%·税5%,funding_at_coverage,5,1.0,0.0,0.0,1.0,1.0,,0.6851284268554674,13970190.0,1.0,1034,0.0,960000.0,1.0,True,True,True,True
steady_fresh20·玩家篮子1·城市预算付5%·税10%,funding_at_coverage,1,1.0,0.0,0.0,1.0,1.0,,0.694959303676721,13933052.0,1.0,1034,0.0,960000.0,1.0,True,True,True,True
steady_fresh20·玩家篮子1·城市预算付5%·税10%,funding_at_coverage,2,1.0,0.0,0.0,1.0,1.0,,0.6754605851505024,13959722.0,1.0,1034,0.0,960000.0,1.0,True,True,True,True
steady_fresh20·玩家篮子1·城市预算付5%·税10%,funding_at_coverage,3,1.0,0.0,0.0,1.0,1.0,,0.6835241733717354,14010204.0,1.0,1034,0.0,960000.0,1.0,True,True,True,True
steady_fresh20·玩家篮子1·城市预算付5%·税10%,funding_at_coverage,4,1.0,0.0,0.0,1.0,1.0,,0.6840390263408889,14021782.0,1.0,1034,0.0,960000.0,1.0,True,True,True,True
steady_fresh20·玩家篮子1·城市预算付5%·税10%,funding_at_coverage,5,1.0,0.0,0.0,1.0,1.0,,0.6851284268554674,13970190.0,1.0,1034,0.0,960000.0,1.0,True,True,True,True
steady_fresh20·玩家篮子1·城市预算付5%·税20%,funding_at_coverage,1,1.0,0.0,0.0,1.0,1.0,,0.694959303676721,13933052.0,1.0,1034,0.0,960000.0,1.0,True,True,True,True
steady_fresh20·玩家篮子1·城市预算付5%·税20%,funding_at_coverage,2,1.0,0.0,0.0,1.0,1.0,,0.6754605851505024,13959722.0,1.0,1034,0.0,960000.0,1.0,True,True,True,True
steady_fresh20·玩家篮子1·城市预算付5%·税20%,funding_at_coverage,3,1.0,0.0,0.0,1.0,1.0,,0.6835241733717354,14010204.0,1.0,1034,0.0,960000.0,1.0,True,True,True,True
steady_fresh20·玩家篮子1·城市预算付5%·税20%,funding_at_coverage,4,1.0,0.0,0.0,1.0,1.0,,0.6840390263408889,14021782.0,1.0,1034,0.0,960000.0,1.0,True,True,True,True
steady_fresh20·玩家篮子1·城市预算付5%·税20%,funding_at_coverage,5,1.0,0.0,0.0,1.0,1.0,,0.6851284268554674,13970190.0,1.0,1034,0.0,960000.0,1.0,True,True,True,True
steady_fresh20·玩家篮子1·城市预算付5%·税30%,funding_at_coverage,1,1.0,0.0,0.0,1.0,1.0,,0.694959303676721,13933052.0,1.0,1034,0.0,960000.0,1.0,True,True,True,True
steady_fresh20·玩家篮子1·城市预算付5%·税30%,funding_at_coverage,2,1.0,0.0,0.0,1.0,1.0,,0.6754605851505024,13959722.0,1.0,1034,0.0,960000.0,1.0,True,True,True,True
steady_fresh20·玩家篮子1·城市预算付5%·税30%,funding_at_coverage,3,1.0,0.0,0.0,1.0,1.0,,0.6835241733717354,14010204.0,1.0,1034,0.0,960000.0,1.0,True,True,True,True
steady_fresh20·玩家篮子1·城市预算付5%·税30%,funding_at_coverage,4,1.0,0.0,0.0,1.0,1.0,,0.6840390263408889,14021782.0,1.0,1034,0.0,960000.0,1.0,True,True,True,True
steady_fresh20·玩家篮子1·城市预算付5%·税30%,funding_at_coverage,5,1.0,0.0,0.0,1.0,1.0,,0.6851284268554674,13970190.0,1.0,1034,0.0,960000.0,1.0,True,True,True,True
launch_base·付100%·标尺×1,scale,1,1.0,0.0,0.0,1.0,1.0,,0.3255112610588966,8704802.0,0.07650296021264794,977,0.0086656145381697,871360.0,1.0,True,True,True,True
launch_base·付100%·标尺×1,scale,2,1.0,0.0,0.0,1.0,1.0,,0.3273150127622084,8698648.0,0.07678644222332615,989,0.007463756441332257,884000.0,1.0,True,True,True,True
launch_base·付100%·标尺×1,scale,3,1.0,0.0,0.0,1.0,1.0,,0.3305339329638939,8718292.0,0.07653379674771359,1015,0.006925368230917044,889280.0,1.0,True,True,True,True
launch_base·付100%·标尺×1,scale,4,1.0,0.0,0.0,1.0,1.0,,0.3360507945312807,8677826.0,0.07653008874278025,1007,0.007220499292782945,886120.0,1.0,True,True,True,True
launch_base·付100%·标尺×1,scale,5,1.0,0.0,0.0,1.0,1.0,,0.33692239059847084,8743752.0,0.07650091359787628,1000,0.008435723539424624,873640.0,1.0,True,True,True,True
launch_base·付100%·标尺×2,scale,1,1.0,0.0,0.0,1.0,1.0,,0.1253706599244533,8704802.0,0.15173610822606934,1030,0.008829888307199012,869680.0,1.0,True,True,True,True
launch_base·付100%·标尺×2,scale,2,1.0,0.0,0.0,1.0,1.0,,0.12521108786013557,8698648.0,0.15229777605675232,1034,0.007470348775206556,883880.0,1.0,True,True,True,True
launch_base·付100%·标尺×2,scale,3,1.0,0.0,0.0,1.0,1.0,,0.1278195376928355,8718292.0,0.15182828219916664,1089,0.006942089511149977,889080.0,1.0,True,True,True,True
launch_base·付100%·标尺×2,scale,4,1.0,0.0,0.0,1.0,1.0,,0.13076079222628478,8677826.0,0.1517776118265357,1051,0.007186362839392268,886440.0,1.0,True,True,True,True
launch_base·付100%·标尺×2,scale,5,1.0,0.0,0.0,1.0,1.0,,0.1317712520846681,8743752.0,0.15172690637757577,1089,0.00847538802737804,873240.0,1.0,True,True,True,True
launch_base·付100%·标尺×4,scale,1,1.0,0.0,0.0,1.0,1.0,,0.009565587322565294,8704802.0,0.3022005739662701,1121,0.007950964237790093,878560.0,1.0,True,True,True,True
launch_base·付100%·标尺×4,scale,2,1.0,0.0,0.0,1.0,1.0,,0.008307096891048138,8698648.0,0.3033237683435175,1124,0.0066666430556691116,892040.0,1.0,True,True,True,True
launch_base·付100%·标尺×4,scale,3,1.0,0.0,0.0,1.0,1.0,,0.010539053543444643,8718292.0,0.30242106216264736,1178,0.006306077179043419,895560.0,1.0,True,True,True,True
launch_base·付100%·标尺×4,scale,4,1.0,0.0,0.0,1.0,1.0,,0.012315667410438325,8677826.0,0.3022796611506686,1120,0.006585259775824021,892560.0,1.0,True,True,True,True
launch_base·付100%·标尺×4,scale,5,1.0,0.0,0.0,1.0,1.0,,0.012979751165051123,8743752.0,0.30217694567037456,1161,0.007524882561791701,883000.0,1.0,True,True,True,True
launch_base·付100%·标尺×8,scale,1,1.0,0.0,0.0,1.0,1.0,,-0.05219102301404177,8704802.0,0.6031040266945273,1305,0.005119368191217017,907640.0,1.0,True,True,True,True
launch_base·付100%·标尺×8,scale,2,1.0,0.0,0.0,1.0,1.0,,-0.0534355271436695,8698648.0,0.6053646416873391,1311,0.0040860930465616415,918360.0,1.0,True,True,True,True
launch_base·付100%·标尺×8,scale,3,1.0,0.0,0.0,1.0,1.0,,-0.05192934447386388,8718292.0,0.6035780686736985,1366,0.004095405182855554,918120.0,1.0,True,True,True,True
launch_base·付100%·标尺×8,scale,4,1.0,0.0,0.0,1.0,1.0,,-0.05107405231376605,8677826.0,0.6032530447095177,1312,0.004396884051180534,914960.0,1.0,True,True,True,True
launch_base·付100%·标尺×8,scale,5,1.0,0.0,0.0,1.0,1.0,,-0.05045263376306741,8743752.0,0.6030563415422501,1317,0.004603193204036189,912880.0,1.0,True,True,True,True
launch_base·付100%·标尺×16,scale,1,1.0,0.0,0.0,1.0,1.0,,-0.04058347417781749,8704802.0,1.0,1940,0.001803065769650033,941600.0,1.0,True,True,True,True
launch_base·付100%·标尺×16,scale,2,1.0,0.0,0.0,1.0,1.0,,-0.04100164865859368,8698648.0,1.0,1910,0.001566768370782516,944080.0,1.0,True,True,True,True
launch_base·付100%·标尺×16,scale,3,1.0,0.0,0.0,1.0,1.0,,-0.04056164788463523,8718292.0,1.0,2013,0.001414847509613161,945560.0,1.0,True,True,True,True
launch_base·付100%·标尺×16,scale,4,1.0,0.0,0.0,1.0,1.0,,-0.03993630472650733,8677826.0,1.0,1968,0.0014766627639228366,944880.0,1.0,True,True,True,True
launch_base·付100%·标尺×16,scale,5,1.0,0.0,0.0,1.0,1.0,,-0.039304217286588505,8743752.0,1.0,1915,0.0017841014020900784,941760.0,1.0,True,True,True,True
steady_fresh20·付100%·标尺×1,scale,1,1.0,0.0,0.0,1.0,1.0,,0.4274096222754271,13979810.0,0.07280503492677105,1215,0.0,960000.0,1.0,True,True,True,True
steady_fresh20·付100%·标尺×1,scale,2,1.0,0.0,0.0,1.0,1.0,,0.4167330402807685,13956838.0,0.07284783598819491,1217,0.0,960000.0,1.0,True,True,True,True
steady_fresh20·付100%·标尺×1,scale,3,1.0,0.0,0.0,1.0,1.0,,0.42410501515732824,13977982.0,0.07294961507239273,1217,0.0,960000.0,1.0,True,True,True,True
steady_fresh20·付100%·标尺×1,scale,4,1.0,0.0,0.0,1.0,1.0,,0.4185308922506612,13979732.0,0.07275124666547762,1215,0.0,960000.0,1.0,True,True,True,True
steady_fresh20·付100%·标尺×1,scale,5,1.0,0.0,0.0,1.0,1.0,,0.416515517963546,13969608.0,0.07288139631337705,1240,0.0,960000.0,1.0,True,True,True,True
steady_fresh20·付100%·标尺×2,scale,1,1.0,0.0,0.0,1.0,1.0,,0.18081244475923208,13979810.0,0.14428927875454578,1237,0.0,960000.0,1.0,True,True,True,True
steady_fresh20·付100%·标尺×2,scale,2,1.0,0.0,0.0,1.0,1.0,,0.17429265600102362,13956838.0,0.14439251141004514,1238,0.0,960000.0,1.0,True,True,True,True
steady_fresh20·付100%·标尺×2,scale,3,1.0,0.0,0.0,1.0,1.0,,0.17883704944667445,13977982.0,0.14458918025544548,1257,0.0,960000.0,1.0,True,True,True,True
steady_fresh20·付100%·标尺×2,scale,4,1.0,0.0,0.0,1.0,1.0,,0.1753490133296831,13979732.0,0.14419772071024103,1237,0.0,960000.0,1.0,True,True,True,True
steady_fresh20·付100%·标尺×2,scale,5,1.0,0.0,0.0,1.0,1.0,,0.17423358207289574,13969608.0,0.14445568495377334,1263,0.0,960000.0,1.0,True,True,True,True
steady_fresh20·付100%·标尺×4,scale,1,1.0,0.0,0.0,1.0,1.0,,0.037695739535350326,13979810.0,0.28725232889762964,1303,0.0,960000.0,1.0,True,True,True,True
steady_fresh20·付100%·标尺×4,scale,2,1.0,0.0,0.0,1.0,1.0,,0.034323464670836135,13956838.0,0.2874846801968825,1327,0.0,960000.0,1.0,True,True,True,True
steady_fresh20·付100%·标尺×4,scale,3,1.0,0.0,0.0,1.0,1.0,,0.036394361649941365,13977982.0,0.2878663188654847,1329,0.0,960000.0,1.0,True,True,True,True
steady_fresh20·付100%·标尺×4,scale,4,1.0,0.0,0.0,1.0,1.0,,0.03458830711169658,13979732.0,0.28708774447589014,1326,0.0,960000.0,1.0,True,True,True,True
steady_fresh20·付100%·标尺×4,scale,5,1.0,0.0,0.0,1.0,1.0,,0.03372672024324963,13969608.0,0.28760918199194124,1333,0.0,960000.0,1.0,True,True,True,True
steady_fresh20·付100%·标尺×8,scale,1,1.0,0.0,0.0,1.0,1.0,,-0.039066257712178976,13979810.0,0.573158059213241,1509,0.0,960000.0,1.0,True,True,True,True
steady_fresh20·付100%·标尺×8,scale,2,1.0,0.0,0.0,1.0,1.0,,-0.041717734238225335,13956838.0,0.5736388492028563,1469,0.0,960000.0,1.0,True,True,True,True
steady_fresh20·付100%·标尺×8,scale,3,1.0,0.0,0.0,1.0,1.0,,-0.0400678027372291,13977982.0,0.5744017850560479,1501,0.0,960000.0,1.0,True,True,True,True
steady_fresh20·付100%·标尺×8,scale,4,1.0,0.0,0.0,1.0,1.0,,-0.041357907402614025,13979732.0,0.5728456940503389,1504,0.0,960000.0,1.0,True,True,True,True
steady_fresh20·付100%·标尺×8,scale,5,1.0,0.0,0.0,1.0,1.0,,-0.0416580148185125,13969608.0,0.5738949768890251,1516,0.0,960000.0,1.0,True,True,True,True
steady_fresh20·付100%·标尺×16,scale,1,1.0,0.0,0.0,1.0,1.0,,-0.04219522503611184,13979810.0,1.0,2313,0.0,960000.0,1.0,True,True,True,True
steady_fresh20·付100%·标尺×16,scale,2,1.0,0.0,0.0,1.0,1.0,,-0.04338394698749648,13956838.0,1.0,2313,0.0,960000.0,1.0,True,True,True,True
steady_fresh20·付100%·标尺×16,scale,3,1.0,0.0,0.0,1.0,1.0,,-0.042435447472897625,13977982.0,1.0,2313,0.0,960000.0,1.0,True,True,True,True
steady_fresh20·付100%·标尺×16,scale,4,1.0,0.0,0.0,1.0,1.0,,-0.04347072687566744,13979732.0,1.0,2313,0.0,960000.0,1.0,True,True,True,True
steady_fresh20·付100%·标尺×16,scale,5,1.0,0.0,0.0,1.0,1.0,,-0.043492032232291256,13969608.0,1.0,2313,0.0,960000.0,1.0,True,True,True,True
launch_base·正常,lines,1,1.0,0.0,0.0,1.0,1.0,,0.3802089699391207,8704802.0,1.0,996,0.006500961257268813,893520.0,1.0,True,True,True,True
launch_base·正常,lines,2,1.0,0.0,0.0,1.0,1.0,,0.3820947944874171,8698648.0,1.0,1001,0.005566197529573255,903360.0,1.0,True,True,True,True
launch_base·正常,lines,3,1.0,0.0,0.0,1.0,1.0,,0.3847932124627087,8718292.0,1.0,1025,0.005171278097499729,907160.0,1.0,True,True,True,True
launch_base·正常,lines,4,1.0,0.0,0.0,1.0,1.0,,0.3895812232797746,8677826.0,1.0,1002,0.00539994054290409,904760.0,1.0,True,True,True,True
launch_base·正常,lines,5,1.0,0.0,0.0,1.0,1.0,,0.3911033339199541,8743752.0,1.0,998,0.006257802394542837,895960.0,1.0,True,True,True,True
steady_fresh20·正常,lines,1,1.0,0.0,0.0,1.0,1.0,,0.4804341481605585,13979810.0,1.0,1242,0.0,960000.0,1.0,True,True,True,True
steady_fresh20·正常,lines,2,1.0,0.0,0.0,1.0,1.0,,0.47046729906221385,13956838.0,1.0,1242,0.0,960000.0,1.0,True,True,True,True
steady_fresh20·正常,lines,3,1.0,0.0,0.0,1.0,1.0,,0.4775471606352568,13977982.0,1.0,1242,0.0,960000.0,1.0,True,True,True,True
steady_fresh20·正常,lines,4,1.0,0.0,0.0,1.0,1.0,,0.4715803992877774,13979732.0,1.0,1242,0.0,960000.0,1.0,True,True,True,True
steady_fresh20·正常,lines,5,1.0,0.0,0.0,1.0,1.0,,0.46996270824607156,13969608.0,1.0,1242,0.0,960000.0,1.0,True,True,True,True
dormant_return_200·正常,lines,1,1.0,0.0,0.0,1.0,1.0,,0.3853582085484808,8742984.0,1.0,989,0.005727391674849828,901320.0,1.0,True,True,True,True
dormant_return_200·正常,lines,2,1.0,0.0,0.0,1.0,1.0,,0.4031953568019764,8776402.0,1.0,1010,0.00543926235119361,904600.0,1.0,True,True,True,True
dormant_return_200·正常,lines,3,1.0,0.0,0.0,1.0,1.0,,0.410652347855889,8808766.0,1.0,1055,0.005280390550942984,906040.0,1.0,True,True,True,True
dormant_return_200·正常,lines,4,1.0,0.0,0.0,1.0,1.0,,0.4011364476419832,8716532.0,1.0,998,0.005362220922200537,905160.0,1.0,True,True,True,True
dormant_return_200·正常,lines,5,1.0,0.0,0.0,1.0,1.0,,0.39301622220568455,8696062.0,1.0,989,0.006085684405052187,897720.0,1.0,True,True,True,True
investment_heat·正常,lines,1,1.0,0.0,0.0,1.0,1.0,,0.3802089699391207,8704802.0,1.0,996,0.006500961257268813,893520.0,1.0,True,True,True,True
investment_heat·正常,lines,2,1.0,0.0,0.0,1.0,1.0,,0.3820947944874171,8698648.0,1.0,1001,0.005566197529573255,903360.0,1.0,True,True,True,True
investment_heat·正常,lines,3,1.0,0.0,0.0,1.0,1.0,,0.3847932124627087,8718292.0,1.0,1025,0.005171278097499729,907160.0,1.0,True,True,True,True
investment_heat·正常,lines,4,1.0,0.0,0.0,1.0,1.0,,0.3895812232797746,8677826.0,1.0,1002,0.00539994054290409,904760.0,1.0,True,True,True,True
investment_heat·正常,lines,5,1.0,0.0,0.0,1.0,1.0,,0.3911033339199541,8743752.0,1.0,998,0.006257802394542837,895960.0,1.0,True,True,True,True
反例·照单机发币,lines,1,2.2796,0.34967389694757234,0.8848241361327331,1.0,1.0,,3.0744450549955333,43125640.0,1.0,3043,0.0017636173337681484,942000.0,1.0,True,False,False,True
反例·照单机发币,lines,2,2.1658,0.35900975400122404,0.8811353188607745,1.0,1.0,,3.04519125800201,42988282.0,1.0,2977,0.0015196866249690727,944560.0,1.0,True,False,False,True
反例·照单机发币,lines,3,2.1282,0.3543791077314036,0.855807743658211,1.0,1.0,,3.0704046480087097,43109974.0,1.0,3096,0.0013681860556292516,946040.0,1.0,True,False,False,True
反例·照单机发币,lines,4,2.176,0.37145039947168734,0.9279526590441167,1.0,1.0,,3.0812973586005716,43090879.0,1.0,3060,0.0014411851636259806,945240.0,1.0,True,False,False,True
反例·照单机发币,lines,5,2.164,0.3509110881364692,0.8968014990953734,1.0,1.0,,3.0971880197848494,43168635.0,1.0,3006,0.0017173229095538767,942440.0,1.0,True,False,False,True
反例·每活跃玩家每天无源+30,lines,1,1.3314,0.07845835747774332,0.1379999999999999,1.0,1.0,,0.8620524129795797,16561132.0,,1771,0.003019584057372087,929200.0,1.0,True,True,False,True
反例·每活跃玩家每天无源+30,lines,2,1.319,0.09336442182214011,0.12902666666666662,1.0,1.0,,0.8727358784354289,16343968.0,,1771,0.003315129847716974,926160.0,1.0,True,True,False,True
反例·每活跃玩家每天无源+30,lines,3,1.2844,0.07652473729577514,0.1157999999999999,1.0,1.0,,0.8601919984930742,16451566.0,,1810,0.003364571473823709,925680.0,1.0,True,True,False,True
反例·每活跃玩家每天无源+30,lines,4,1.3968,0.1113331206856083,0.12210666666666659,1.0,1.0,,0.8594279883032094,16479484.0,,1771,0.0030611867021952907,928680.0,1.0,True,True,False,True
反例·每活跃玩家每天无源+30,lines,5,1.2616,0.08060899016803136,0.09863333333333335,1.0,1.0,,0.8503408360682962,16465278.0,,1771,0.0027758210507370187,931640.0,1.0,True,True,False,True
反例·新人立即领满（steady_fresh20_instant）,lines,1,2.8489999999999998,0.38344664431071696,1.3137087142266521,1.0,1.0,,1.594312540210165,38466000.0,1.0,4752,0.0,960000.0,1.0,True,False,False,True
反例·新人立即领满（steady_fresh20_instant）,lines,2,2.888,0.3735485946594135,1.368781258225849,1.0,1.0,,1.6009939952820074,38466000.0,1.0,4752,0.0,960000.0,1.0,True,False,False,True
反例·新人立即领满（steady_fresh20_instant）,lines,3,2.8516,0.3927829759432533,1.34287864292881,1.0,1.0,,1.5994160143684324,38466000.0,1.0,4752,0.0,960000.0,1.0,True,False,False,True
反例·新人立即领满（steady_fresh20_instant）,lines,4,2.919,0.40619629364233245,1.3782908343091504,1.0,1.0,,1.6021529862749304,38466000.0,1.0,4752,0.0,960000.0,1.0,True,False,False,True
反例·新人立即领满（steady_fresh20_instant）,lines,5,2.8893999999999997,0.4118413102521834,1.3754421573170799,1.0,1.0,,1.6032213703624274,38466000.0,1.0,4752,0.0,960000.0,1.0,True,False,False,True
反例·开服全员立即领满（launch_2000_instant）,lines,1,3.198,0.272084369390169,-0.4911666530977774,1.0,1.0,,-0.35587755604990645,15511214.0,1.0,996,0.006500961257268813,893520.0,1.0,True,False,False,True
反例·开服全员立即领满（launch_2000_instant）,lines,2,3.2252,0.2830720669159166,-0.4816145977329278,1.0,1.0,,-0.35523813542731,15585226.0,1.0,1001,0.005566197529573255,903360.0,1.0,True,False,False,True
反例·开服全员立即领满（launch_2000_instant）,lines,3,3.2299999999999995,0.27516107558946423,-0.49167533642620653,1.0,1.0,,-0.3535379526881869,15561976.0,1.0,1025,0.005171278097499729,907160.0,1.0,True,False,False,True
反例·开服全员立即领满（launch_2000_instant）,lines,4,3.2972,0.27349519872688677,-0.4913754225822531,1.0,1.0,,-0.3518126453258503,15482176.0,1.0,1002,0.00539994054290409,904760.0,1.0,True,False,False,True
反例·开服全员立即领满（launch_2000_instant）,lines,5,3.2554000000000003,0.2699003705925249,-0.48865844429445093,1.0,1.0,,-0.352068691784699,15525898.0,1.0,998,0.006257802394542837,895960.0,1.0,True,False,False,True
launch_base·地下委托无,underground,1,1.0,0.0,0.0,1.0,1.0,,0.3802089699391207,8704802.0,1.0,996,0.006500961257268813,893520.0,1.0,True,True,True,True
launch_base·地下委托无,underground,2,1.0,0.0,0.0,1.0,1.0,,0.3820947944874171,8698648.0,1.0,1001,0.005566197529573255,903360.0,1.0,True,True,True,True
launch_base·地下委托无,underground,3,1.0,0.0,0.0,1.0,1.0,,0.3847932124627087,8718292.0,1.0,1025,0.005171278097499729,907160.0,1.0,True,True,True,True
launch_base·地下委托无,underground,4,1.0,0.0,0.0,1.0,1.0,,0.3895812232797746,8677826.0,1.0,1002,0.00539994054290409,904760.0,1.0,True,True,True,True
launch_base·地下委托无,underground,5,1.0,0.0,0.0,1.0,1.0,,0.3911033339199541,8743752.0,1.0,998,0.006257802394542837,895960.0,1.0,True,True,True,True
launch_base·地下委托有,underground,1,1.0,0.0,0.0,1.0,1.0,,0.3944657017375577,8981442.0,1.0,996,0.006500961257268813,893520.0,1.0,True,True,True,True
launch_base·地下委托有,underground,2,1.0,0.0,0.0,1.0,1.0,,0.395076319517325,8972488.0,1.0,1001,0.005566197529573255,903360.0,1.0,True,True,True,True
launch_base·地下委托有,underground,3,1.0,0.0,0.0,1.0,1.0,,0.3983043300504774,8978132.0,1.0,1025,0.005171278097499729,907160.0,1.0,True,True,True,True
launch_base·地下委托有,underground,4,1.0,0.0,0.0,1.0,1.0,,0.4037190992380335,8946626.0,1.0,1002,0.00539994054290409,904760.0,1.0,True,True,True,True
launch_base·地下委托有,underground,5,1.0,0.0,0.0,1.0,1.0,,0.40709188171183985,9023752.0,1.0,998,0.006257802394542837,895960.0,1.0,True,True,True,True
steady_fresh20·地下委托无,underground,1,1.0,0.0,0.0,1.0,1.0,,0.4804341481605585,13979810.0,1.0,1242,0.0,960000.0,1.0,True,True,True,True
steady_fresh20·地下委托无,underground,2,1.0,0.0,0.0,1.0,1.0,,0.47046729906221385,13956838.0,1.0,1242,0.0,960000.0,1.0,True,True,True,True
steady_fresh20·地下委托无,underground,3,1.0,0.0,0.0,1.0,1.0,,0.4775471606352568,13977982.0,1.0,1242,0.0,960000.0,1.0,True,True,True,True
steady_fresh20·地下委托无,underground,4,1.0,0.0,0.0,1.0,1.0,,0.4715803992877774,13979732.0,1.0,1242,0.0,960000.0,1.0,True,True,True,True
steady_fresh20·地下委托无,underground,5,1.0,0.0,0.0,1.0,1.0,,0.46996270824607156,13969608.0,1.0,1242,0.0,960000.0,1.0,True,True,True,True
steady_fresh20·地下委托有,underground,1,1.0,0.0,0.0,1.0,1.0,,0.5054502267212166,14393650.0,1.0,1242,0.0,960000.0,1.0,True,True,True,True
steady_fresh20·地下委托有,underground,2,1.0,0.0,0.0,1.0,1.0,,0.49426156427388435,14363398.0,1.0,1242,0.0,960000.0,1.0,True,True,True,True
steady_fresh20·地下委托有,underground,3,1.0,0.0,0.0,1.0,1.0,,0.5027387211646015,14403022.0,1.0,1242,0.0,960000.0,1.0,True,True,True,True
steady_fresh20·地下委托有,underground,4,1.0,0.0,0.0,1.0,1.0,,0.49556792728628585,14393012.0,1.0,1242,0.0,960000.0,1.0,True,True,True,True
steady_fresh20·地下委托有,underground,5,1.0,0.0,0.0,1.0,1.0,,0.4936697247706423,14386808.0,1.0,1242,0.0,960000.0,1.0,True,True,True,True
launch_base·银行投资,bank,1,1.0,0.0,0.0,1.0,1.0,,0.3802089699391207,8704802.0,1.0,996,0.006500961257268813,893520.0,1.0,True,True,True,True
launch_base·银行投资,bank,2,1.0,0.0,0.0,1.0,1.0,,0.3820947944874171,8698648.0,1.0,1001,0.005566197529573255,903360.0,1.0,True,True,True,True
launch_base·银行投资,bank,3,1.0,0.0,0.0,1.0,1.0,,0.3847932124627087,8718292.0,1.0,1025,0.005171278097499729,907160.0,1.0,True,True,True,True
launch_base·银行投资,bank,4,1.0,0.0,0.0,1.0,1.0,,0.3895812232797746,8677826.0,1.0,1002,0.00539994054290409,904760.0,1.0,True,True,True,True
launch_base·银行投资,bank,5,1.0,0.0,0.0,1.0,1.0,,0.3911033339199541,8743752.0,1.0,998,0.006257802394542837,895960.0,1.0,True,True,True,True
investment_heat·银行投资,bank,1,1.0,0.0,0.0,1.0,1.0,,0.3802089699391207,8704802.0,1.0,996,0.006500961257268813,893520.0,1.0,True,True,True,True
investment_heat·银行投资,bank,2,1.0,0.0,0.0,1.0,1.0,,0.3820947944874171,8698648.0,1.0,1001,0.005566197529573255,903360.0,1.0,True,True,True,True
investment_heat·银行投资,bank,3,1.0,0.0,0.0,1.0,1.0,,0.3847932124627087,8718292.0,1.0,1025,0.005171278097499729,907160.0,1.0,True,True,True,True
investment_heat·银行投资,bank,4,1.0,0.0,0.0,1.0,1.0,,0.3895812232797746,8677826.0,1.0,1002,0.00539994054290409,904760.0,1.0,True,True,True,True
investment_heat·银行投资,bank,5,1.0,0.0,0.0,1.0,1.0,,0.3911033339199541,8743752.0,1.0,998,0.006257802394542837,895960.0,1.0,True,True,True,True
